{"210502":[[[123.623768,41.256221],[123.621162,41.259242],[123.616772,41.256405],[123.602679,41.240642],[123.608872,41.232524],[123.612322,41.211817],[123.624165,41.209604],[123.629673,41.204548],[123.631269,41.197751],[123.640345,41.186985],[123.646514,41.16455],[123.653743,41.164233],[123.662159,41.155564],[123.680507,41.160191],[123.702169,41.153098],[123.722991,41.16497],[123.724138,41.153195],[123.731204,41.149077],[123.75891,41.152469],[123.767626,41.161618],[123.772871,41.162582],[123.778771,41.156499],[123.784911,41.156086],[123.789618,41.17191],[123.763413,41.198002],[123.754294,41.216363],[123.761204,41.242543],[123.774362,41.241088],[123.793293,41.246257],[123.789614,41.262763],[123.782039,41.264137],[123.773211,41.27283],[123.777162,41.277111],[123.792479,41.280368],[123.789898,41.29894],[123.771601,41.302828],[123.762514,41.302018],[123.753709,41.305795],[123.722186,41.284578],[123.689018,41.275843],[123.686639,41.279465],[123.693686,41.293898],[123.693541,41.30181],[123.689093,41.307385],[123.66885,41.310436],[123.663284,41.302907],[123.671022,41.297253],[123.680161,41.279864],[123.678232,41.268107],[123.66646,41.260541],[123.651733,41.256085],[123.646125,41.249996],[123.631408,41.249965],[123.623768,41.256221]]],"210503":[[[123.753709,41.305795],[123.777345,41.322948],[123.78456,41.324952],[123.791066,41.323116],[123.797784,41.336926],[123.796473,41.340609],[123.786752,41.345803],[123.782311,41.365638],[123.754159,41.380568],[123.756296,41.397704],[123.773784,41.414981],[123.780239,41.419133],[123.786932,41.418752],[123.783268,41.424868],[123.784882,41.43097],[123.779725,41.433709],[123.79012,41.44681],[123.791364,41.459367],[123.798332,41.468657],[123.834042,41.477757],[123.848972,41.488629],[123.84847,41.497777],[123.868122,41.512601],[123.86837,41.524676],[123.863583,41.524625],[123.820267,41.511552],[123.811289,41.511307],[123.794324,41.523323],[123.802679,41.542055],[123.800115,41.547087],[123.783942,41.546415],[123.761936,41.533538],[123.754753,41.533672],[123.748837,41.525655],[123.723543,41.51764],[123.716795,41.519257],[123.698119,41.532293],[123.688859,41.527718],[123.684273,41.534945],[123.671245,41.533622],[123.665856,41.535705],[123.659614,41.527637],[123.638934,41.528751],[123.62618,41.522997],[123.623164,41.515967],[123.61309,41.512145],[123.610178,41.505534],[123.598409,41.50085],[123.608196,41.488444],[123.622082,41.482045],[123.621785,41.47072],[123.651153,41.47208],[123.666902,41.449093],[123.644956,41.417269],[123.657048,41.391997],[123.664304,41.349093],[123.661314,41.33664],[123.66829,41.328577],[123.66885,41.310436],[123.689093,41.307385],[123.693541,41.30181],[123.686986,41.276502],[123.722186,41.284578],[123.753709,41.305795]]],"210504":[[[123.986678,41.339517],[123.981701,41.354701],[123.970416,41.360625],[123.964507,41.37819],[123.957311,41.38371],[123.937845,41.386789],[123.934664,41.391183],[123.921861,41.392196],[123.902299,41.384337],[123.871746,41.381628],[123.868287,41.401484],[123.854911,41.403182],[123.855048,41.410454],[123.858998,41.414268],[123.87424,41.418029],[123.892163,41.428739],[123.89963,41.445877],[123.897534,41.452154],[123.886958,41.454526],[123.876413,41.467813],[123.879717,41.473097],[123.868122,41.512601],[123.84847,41.497777],[123.848972,41.488629],[123.834042,41.477757],[123.798332,41.468657],[123.791364,41.459367],[123.79012,41.44681],[123.779725,41.433709],[123.784882,41.43097],[123.783268,41.424868],[123.786932,41.418752],[123.780239,41.419133],[123.773784,41.414981],[123.756296,41.397704],[123.754159,41.380568],[123.782311,41.365638],[123.786752,41.345803],[123.796473,41.340609],[123.797784,41.336926],[123.791066,41.323116],[123.78456,41.324952],[123.777345,41.322948],[123.753709,41.305795],[123.759037,41.302734],[123.777996,41.301781],[123.792117,41.296945],[123.792479,41.280368],[123.777162,41.277111],[123.773211,41.27283],[123.782039,41.264137],[123.789614,41.262763],[123.793293,41.246257],[123.806274,41.24672],[123.810511,41.240088],[123.828736,41.235315],[123.838699,41.245414],[123.836002,41.239031],[123.838194,41.234553],[123.849188,41.231476],[123.855857,41.221698],[123.864787,41.216518],[123.880856,41.213724],[123.892768,41.215249],[123.905094,41.218767],[123.912467,41.225949],[123.926856,41.226067],[123.945139,41.215261],[123.959848,41.214573],[123.972099,41.209017],[123.990002,41.207914],[123.991044,41.211795],[124.014847,41.223633],[124.018104,41.247154],[124.000541,41.256371],[123.997667,41.262003],[124.000225,41.267146],[124.01435,41.276998],[124.017556,41.300292],[124.027074,41.308783],[124.025055,41.322428],[124.009753,41.317929],[123.997379,41.324094],[123.986916,41.3223],[123.986678,41.339517]]],"210505":[[[123.756514,41.209834],[123.763413,41.198002],[123.789618,41.17191],[123.784911,41.156086],[123.778771,41.156499],[123.772871,41.162582],[123.767626,41.161618],[123.75891,41.152469],[123.731204,41.149077],[123.724138,41.153195],[123.722991,41.16497],[123.702169,41.153098],[123.680507,41.160191],[123.662159,41.155564],[123.670476,41.144753],[123.661037,41.132276],[123.658359,41.115134],[123.666883,41.09329],[123.673445,41.085484],[123.672415,41.077419],[123.684927,41.075424],[123.695367,41.065953],[123.712978,41.071617],[123.718012,41.07994],[123.743655,41.08045],[123.761467,41.075515],[123.764567,41.069441],[123.770549,41.067109],[123.776035,41.055291],[123.796695,41.0536],[123.803612,41.049482],[123.821966,41.048943],[123.833397,41.051517],[123.84686,41.068345],[123.867563,41.074614],[123.887498,41.072079],[123.895371,41.067137],[123.917474,41.065066],[123.944078,41.072152],[123.963572,41.081717],[123.963266,41.123224],[123.984342,41.127834],[123.993826,41.133275],[124.000197,41.155774],[123.993445,41.169868],[124.002786,41.177762],[123.990002,41.207914],[123.972099,41.209017],[123.959848,41.214573],[123.945139,41.215261],[123.926856,41.226067],[123.912467,41.225949],[123.905094,41.218767],[123.892768,41.215249],[123.880856,41.213724],[123.864787,41.216518],[123.855857,41.221698],[123.849188,41.231476],[123.838194,41.234553],[123.836002,41.239031],[123.838699,41.245414],[123.828736,41.235315],[123.818144,41.236401],[123.802382,41.247129],[123.774362,41.241088],[123.761204,41.242543],[123.754294,41.216363],[123.756514,41.209834]]],