{"211102":[[[122.089098,41.195305],[122.103994,41.212227],[122.092522,41.211689],[122.108121,41.226271],[122.094954,41.221216],[122.08478,41.22507],[122.087659,41.231462],[122.082274,41.233255],[122.059255,41.223829],[122.056678,41.227325],[122.060697,41.229569],[122.059544,41.233064],[122.049756,41.233355],[122.039347,41.245256],[122.035582,41.243802],[122.029102,41.253315],[122.01544,41.245046],[122.010064,41.231938],[121.990504,41.22544],[121.993112,41.218326],[122.015175,41.218875],[122.007395,41.215276],[122.003186,41.206725],[121.993717,41.20855],[121.996194,41.200875],[122.001229,41.198333],[121.989719,41.198046],[121.997245,41.166685],[122.008839,41.167328],[122.010327,41.17348],[122.0037,41.17809],[122.011724,41.186179],[122.018036,41.181174],[122.024393,41.182503],[122.028131,41.174571],[122.032632,41.173742],[122.034323,41.169357],[122.03076,41.161018],[122.039951,41.161177],[122.037878,41.165502],[122.043152,41.169987],[122.074498,41.172302],[122.083453,41.176099],[122.076517,41.186772],[122.089098,41.195305]]],"211103":[[[122.006575,41.179995],[122.003651,41.177743],[122.010327,41.17348],[122.008839,41.167328],[121.957633,41.161624],[121.954801,41.155502],[121.945964,41.151625],[121.946767,41.166252],[121.943045,41.168078],[121.947165,41.16867],[121.947091,41.172314],[121.935076,41.173989],[121.934134,41.17681],[121.939234,41.191235],[121.952734,41.194771],[121.951647,41.209674],[121.941235,41.216118],[121.940123,41.221896],[121.903192,41.220661],[121.903619,41.228632],[121.891339,41.227736],[121.885515,41.23432],[121.878119,41.220948],[121.865481,41.212164],[121.873755,41.209646],[121.869754,41.208352],[121.871169,41.205217],[121.853347,41.196773],[121.854901,41.188698],[121.861099,41.184608],[121.844583,41.162547],[121.833644,41.160357],[121.829382,41.155373],[121.823701,41.158941],[121.817574,41.154479],[121.801271,41.161917],[121.798969,41.153726],[121.808594,41.155249],[121.811731,41.150679],[121.802449,41.149063],[121.797034,41.142313],[121.805388,41.139866],[121.812906,41.125813],[121.821298,41.11704],[121.831923,41.112951],[121.834829,41.10554],[121.844594,41.101311],[121.851811,41.102267],[121.860589,41.09042],[121.872721,41.093543],[121.881585,41.108204],[121.891722,41.111401],[121.898088,41.109746],[121.90373,41.100364],[121.90752,41.09948],[121.913802,41.117313],[121.915314,41.137503],[121.923194,41.146769],[121.933426,41.141121],[121.944194,41.142519],[121.949204,41.133624],[121.95695,41.132081],[121.962093,41.126889],[121.997853,41.127941],[122.011462,41.130916],[122.031446,41.128039],[122.038153,41.134197],[122.04684,41.133328],[122.045921,41.129165],[122.053024,41.12909],[122.048312,41.123671],[122.055789,41.122458],[122.05759,41.115143],[122.062735,41.114364],[122.060018,41.098775],[122.063358,41.096727],[122.078303,41.099347],[122.077795,41.104278],[122.083141,41.105155],[122.087198,41.099498],[122.08888,41.117409],[122.104032,41.116859],[122.105002,41.111526],[122.108934,41.111919],[122.109019,41.11557],[122.113388,41.115196],[122.114158,41.133995],[122.12048,41.132078],[122.12067,41.138625],[122.127441,41.139735],[122.128119,41.147345],[122.12452,41.14909],[122.141287,41.156054],[122.140476,41.160837],[122.125218,41.162288],[122.128147,41.174569],[122.122138,41.186675],[122.122454,41.197748],[122.111897,41.194911],[122.089098,41.195305],[122.076517,41.186772],[122.083453,41.176099],[122.074498,41.172302],[122.043152,41.169987],[122.037878,41.165502],[122.039951,41.161177],[122.03076,41.161018],[122.034323,41.169357],[122.024393,41.182503],[122.018036,41.181174],[122.010742,41.186143],[122.006575,41.179995]]],"211121":[[[122.028902,40.672886],[122.054131,40.64766],[122.065379,40.653144],[122.080023,40.645068],[122.162175,40.676144],[122.157918,40.706508],[122.16827,40.718692],[122.177988,40.717505],[122.206786,40.696243],[122.236822,40.689552],[122.252979,40.690217],[122.278558,40.702327],[122.278768,40.711211],[122.274859,40.716096],[122.213879,40.716689],[122.211312,40.719303],[122.217754,40.737003],[122.213844,40.746417],[122.208537,40.749635],[122.193903,40.751107],[122.134328,40.785893],[122.114853,40.793712],[122.106752,40.799445],[122.103527,40.806438],[122.136436,40.82334],[122.145209,40.835366],[122.159375,40.846633],[122.16673,40.846793],[122.188062,40.838745],[122.193826,40.83939],[122.194734,40.846267],[122.184867,40.858297],[122.182889,40.865787],[122.1843,40.87743],[122.188811,40.883101],[122.19808,40.878977],[122.2052,40.869056],[122.216395,40.861132],[122.226769,40.857776],[122.233956,40.868264],[122.260611,40.8763],[122.270665,40.877414],[122.282842,40.870332],[122.30856,40.893816],[122.320119,40.915125],[122.33059,40.911959],[122.325139,40.90169],[122.340051,40.900431],[122.342088,40.91372],[122.326751,40.915948],[122.335388,40.92236],[122.325278,40.931438],[122.327512,40.938587],[122.316311,40.947676],[122.324216,40.951964],[122.334961,40.949642],[122.331255,40.934962],[122.338601,40.929191],[122.347676,40.930376],[122.350226,40.934956],[122.345084,40.94903],[122.356643,40.955526],[122.35768,40.959803],[122.337235,40.968068],[122.332552,40.975697],[122.344131,40.974166],[122.359028,40.976264],[122.371519,40.992798],[122.367688,40.993903],[122.350314,40.985697],[122.34815,40.992441],[122.330058,41.005105],[122.323098,41.030884],[122.321774,41.059748],[122.324552,41.065182],[122.32153,41.069469],[122.324551,41.072841],[122.304898,41.095224],[122.308951,41.106403],[122.306282,41.115975],[122.284931,41.122567],[122.270987,41.131059],[122.264154,41.139485],[122.236369,41.145105],[122.193119,41.1606],[122.165838,41.166199],[122.12452,41.14909],[122.128119,41.147345],[122.127441,41.139735],[122.12067,41.138625],[122.12048,41.132078],[122.114158,41.133995],[122.112069,41.130378],[122.113745,41.115621],[122.109019,41.11557],[122.108934,41.111919],[122.105002,41.111526],[122.104032,41.116859],[122.08888,41.117409],[122.087198,41.099498],[122.083141,41.105155],[122.077795,41.104278],[122.078303,41.099347],[122.061379,41.097042],[122.062735,41.114364],[122.05759,41.115143],[122.055789,41.122458],[122.048312,41.123671],[122.053024,41.12909],[122.045921,41.129165],[122.04684,41.133328],[122.038153,41.134197],[122.031446,41.128039],[122.011462,41.130916],[121.997853,41.127941],[121.962093,41.126889],[121.95695,41.132081],[121.949204,41.133624],[121.944194,41.142519],[121.933426,41.141121],[121.921217,41.146611],[121.915314,41.137503],[121.913802,41.117313],[121.90752,41.09948],[121.90373,41.100364],[121.896256,41.111053],[121.885641,41.110008],[121.877877,41.104482],[121.87067,41.092223],[121.82585,41.083606],[121.821226,41.082047],[121.817933,41.076096],[121.818169,41.068242],[121.828276,41.06444],[121.852335,41.062609],[121.886936,41.06546],[121.8991,41.063965],[121.902096,41.061298],[121.895024,41.041035],[121.865792,40.996799],[121.839517,40.97131],[121.819825,40.95929],[121.810248,40.945971],[121.810466,40.941161],[121.830354,40.910893],[121.826143,40.883377],[121.831697,40.851658],[121.826395,40.817789],[121.83164,40.816149],[121.858507,40.788822],[121.890762,40.766623],[121.987114,40.716135],[122.007231,40.701845],[122.028902,40.672886]]],