{"220402":[[[125.247634,43.02433],[125.236637,43.021866],[125.23342,43.017001],[125.220688,43.012919],[125.219546,43.006204],[125.209797,43.003509],[125.198064,42.988121],[125.204263,42.974262],[125.196401,42.96435],[125.197388,42.956805],[125.178593,42.939985],[125.177201,42.919791],[125.160174,42.920327],[125.156486,42.913861],[125.14938,42.912247],[125.137275,42.91758],[125.134577,42.921662],[125.124174,42.917385],[125.118986,42.919101],[125.114936,42.917361],[125.102494,42.92174],[125.101629,42.924412],[125.094159,42.920558],[125.082819,42.925627],[125.079704,42.916484],[125.089733,42.89922],[125.084348,42.888765],[125.093838,42.881554],[125.088069,42.870868],[125.089121,42.858744],[125.091959,42.854304],[125.10104,42.852526],[125.106986,42.845947],[125.124274,42.843972],[125.13693,42.822384],[125.148894,42.822811],[125.155972,42.837385],[125.167693,42.840209],[125.175972,42.856458],[125.212408,42.85659],[125.224819,42.843546],[125.226776,42.834926],[125.2339,42.834592],[125.247176,42.84556],[125.248769,42.854449],[125.260428,42.857221],[125.258715,42.861868],[125.284196,42.879272],[125.307121,42.873485],[125.316287,42.866906],[125.340564,42.879505],[125.332377,42.897582],[125.338686,42.906471],[125.338233,42.916331],[125.332972,42.91326],[125.324266,42.916775],[125.321865,42.914424],[125.317162,42.918342],[125.314931,42.923358],[125.319359,42.923959],[125.321567,42.930468],[125.316544,42.934566],[125.322054,42.936403],[125.32283,42.939664],[125.314645,42.945938],[125.305067,42.94604],[125.30065,42.951777],[125.304855,42.954302],[125.301695,42.974297],[125.305083,42.977065],[125.296294,42.979491],[125.288838,42.988872],[125.29833,42.997728],[125.290178,43.011157],[125.281768,43.015127],[125.281519,43.02142],[125.267793,43.025084],[125.264317,43.031947],[125.247634,43.02433]]],"220403":[[[124.994576,43.005663],[124.976133,43.001635],[125.010249,43.000267],[125.064649,42.97832],[125.064856,42.969891],[125.07828,42.96009],[125.078379,42.943378],[125.065912,42.935615],[125.07598,42.926663],[125.082082,42.926525],[125.094159,42.920558],[125.101629,42.924412],[125.102494,42.92174],[125.114936,42.917361],[125.118986,42.919101],[125.124174,42.917385],[125.134577,42.921662],[125.137275,42.91758],[125.150246,42.912309],[125.156486,42.913861],[125.160174,42.920327],[125.174496,42.918727],[125.178575,42.921377],[125.178593,42.939985],[125.197388,42.956805],[125.196401,42.96435],[125.204263,42.974262],[125.197141,42.986528],[125.209797,43.003509],[125.219546,43.006204],[125.220688,43.012919],[125.23342,43.017001],[125.235171,43.021245],[125.255703,43.027489],[125.262704,43.03226],[125.26359,43.038817],[125.233623,43.048019],[125.231604,43.055301],[125.223539,43.060043],[125.2141,43.061647],[125.199257,43.058569],[125.187953,43.064581],[125.185107,43.0718],[125.172613,43.071791],[125.167399,43.065591],[125.172497,43.056757],[125.171441,43.0441],[125.156706,43.041577],[125.147715,43.047568],[125.137982,43.0444],[125.12627,43.044506],[125.11158,43.028125],[125.102601,43.025022],[125.097611,43.016762],[125.090705,43.01275],[125.068229,43.008474],[125.023077,43.026276],[125.020335,43.019667],[125.005654,43.007633],[124.994576,43.005663]]],"220421":[[[125.756395,42.973044],[125.757754,42.979045],[125.746444,42.998182],[125.744121,43.011905],[125.733667,43.016829],[125.732867,43.028813],[125.71992,43.033522],[125.714465,43.038973],[125.682855,43.049008],[125.67234,43.060995],[125.660798,43.067823],[125.640172,43.076806],[125.618947,43.073204],[125.595268,43.075701],[125.561784,43.099484],[125.541163,43.104244],[125.530505,43.10244],[125.502478,43.10639],[125.486623,43.155422],[125.486558,43.168185],[125.498347,43.187459],[125.497285,43.191632],[125.486907,43.207252],[125.471641,43.209729],[125.464834,43.221344],[125.455435,43.225584],[125.455414,43.229583],[125.44548,43.228946],[125.441593,43.23628],[125.428774,43.239051],[125.418601,43.235496],[125.409835,43.225861],[125.381238,43.23039],[125.375692,43.224976],[125.37528,43.219422],[125.381233,43.207687],[125.378813,43.192596],[125.364446,43.168908],[125.368469,43.163804],[125.380911,43.156812],[125.408685,43.153669],[125.409575,43.142073],[125.428287,43.138638],[125.434383,43.118663],[125.442818,43.105959],[125.463671,43.098744],[125.469893,43.098933],[125.465562,43.087249],[125.489421,43.076508],[125.49015,43.072459],[125.485002,43.06928],[125.497327,43.054268],[125.501189,43.054004],[125.50122,43.050231],[125.514892,43.040755],[125.521705,43.040762],[125.530573,43.047233],[125.538978,43.047633],[125.559947,43.034723],[125.569219,43.019952],[125.578843,43.016834],[125.585719,43.008208],[125.586662,42.984541],[125.597242,42.976666],[125.600122,42.968959],[125.589728,42.967197],[125.576103,42.954034],[125.568165,42.957267],[125.561051,42.955475],[125.552854,42.957105],[125.536578,42.946458],[125.525144,42.942507],[125.525643,42.934733],[125.531426,42.925369],[125.524865,42.918377],[125.521482,42.901513],[125.532152,42.899052],[125.541768,42.878015],[125.530936,42.856957],[125.537727,42.850172],[125.549706,42.849755],[125.554982,42.846204],[125.54396,42.839699],[125.521864,42.840412],[125.499553,42.834454],[125.505634,42.826136],[125.497072,42.807522],[125.467162,42.79824],[125.473865,42.79143],[125.474213,42.781248],[125.455248,42.774605],[125.436922,42.778526],[125.43476,42.775147],[125.425909,42.773263],[125.404789,42.762197],[125.39462,42.761463],[125.386036,42.765781],[125.38069,42.754216],[125.345185,42.761147],[125.33489,42.757202],[125.329417,42.758011],[125.332443,42.745271],[125.320899,42.727366],[125.31165,42.724612],[125.308981,42.720352],[125.298892,42.72028],[125.288371,42.710051],[125.275814,42.705014],[125.27109,42.697572],[125.263613,42.697794],[125.245676,42.704728],[125.239195,42.695427],[125.214725,42.687784],[125.218471,42.680989],[125.203557,42.672634],[125.188828,42.6766],[125.169719,42.674722],[125.151643,42.68172],[125.138195,42.69225],[125.118755,42.691119],[125.099207,42.703237],[125.095061,42.700196],[125.09348,42.688601],[125.083237,42.686865],[125.08558,42.677835],[125.079658,42.67185],[125.084626,42.667624],[125.080915,42.662736],[125.082579,42.657212],[125.073563,42.645411],[125.066429,42.64288],[125.062179,42.629059],[125.072508,42.628186],[125.093149,42.632159],[125.1033,42.626496],[125.105567,42.618768],[125.096874,42.612853],[125.10302,42.605841],[125.088168,42.596179],[125.09402,42.590328],[125.097464,42.577257],[125.084413,42.564303],[125.084479,42.544744],[125.074345,42.542791],[125.074279,42.539132],[125.08662,42.532478],[125.097463,42.520227],[125.094834,42.517337],[125.086508,42.517663],[125.082469,42.510574],[125.10177,42.497839],[125.110585,42.495962],[125.116149,42.487999],[125.112917,42.482362],[125.142077,42.479633],[125.156773,42.462853],[125.146732,42.45065],[125.177072,42.439778],[125.186824,42.438878],[125.192649,42.431966],[125.194797,42.418794],[125.20314,42.415338],[125.199666,42.402488],[125.192854,42.397704],[125.192008,42.388511],[125.206256,42.382045],[125.210049,42.371805],[125.199282,42.365418],[125.191,42.366335],[125.17391,42.359387],[125.183647,42.352341],[125.183419,42.341069],[125.187293,42.335227],[125.179038,42.323407],[125.18129,42.315026],[125.224961,42.305192],[125.238702,42.311199],[125.290497,42.320508],[125.305766,42.328995],[125.342467,42.340773],[125.342021,42.350219],[125.347101,42.362597],[125.353654,42.366741],[125.374364,42.371847],[125.411096,42.390178],[125.421105,42.386344],[125.450074,42.388722],[125.464351,42.397888],[125.483937,42.403293],[125.520307,42.425484],[125.549563,42.43689],[125.56585,42.440099],[125.572294,42.443922],[125.581093,42.457292],[125.583122,42.473984],[125.591781,42.489113],[125.59472,42.516014],[125.612952,42.524518],[125.627915,42.526499],[125.641978,42.553689],[125.652852,42.558293],[125.667834,42.548926],[125.673492,42.549154],[125.688012,42.569901],[125.697574,42.577885],[125.705401,42.578587],[125.710701,42.583381],[125.717139,42.602503],[125.715541,42.613289],[125.709824,42.614324],[125.703964,