{"320703":[[[119.631575,34.506256],[119.649854,34.51769],[119.657194,34.528014],[119.678374,34.538186],[119.679787,34.545464],[119.669382,34.579475],[119.694076,34.605754],[119.624959,34.642725],[119.61147,34.663105],[119.601518,34.737094],[119.587438,34.772294],[119.574698,34.785684],[119.503234,34.811821],[119.447159,34.842497],[119.36561,34.870142],[119.356022,34.882992],[119.276451,34.830513],[119.309901,34.786779],[119.335652,34.768987],[119.339048,34.761194],[119.337635,34.742628],[119.325766,34.727936],[119.328465,34.725517],[119.308804,34.718893],[119.307204,34.723635],[119.291178,34.720293],[119.257284,34.708072],[119.251964,34.700565],[119.250093,34.69171],[119.253504,34.687427],[119.250527,34.681954],[119.254311,34.677527],[119.260297,34.677397],[119.27811,34.66668],[119.28978,34.668834],[119.289117,34.663453],[119.292011,34.66202],[119.319784,34.666894],[119.323255,34.678138],[119.332487,34.669829],[119.344743,34.669921],[119.347031,34.667019],[119.362218,34.672734],[119.365641,34.668929],[119.361545,34.666366],[119.373388,34.656047],[119.375247,34.659609],[119.368084,34.670834],[119.379596,34.680404],[119.390587,34.671692],[119.385898,34.66813],[119.393853,34.657129],[119.402174,34.660346],[119.416781,34.654151],[119.440479,34.637105],[119.454952,34.619119],[119.45043,34.603711],[119.458988,34.591483],[119.486784,34.567437],[119.519047,34.551598],[119.534918,34.532802],[119.519854,34.531494],[119.520704,34.521239],[119.529662,34.520949],[119.535316,34.505786],[119.542649,34.505395],[119.559709,34.494701],[119.597917,34.493578],[119.609779,34.499631],[119.622578,34.499556],[119.631575,34.506256]]],"320705":[[[119.256505,34.811334],[119.23524,34.794849],[119.223974,34.765862],[119.211762,34.751257],[119.207639,34.731422],[119.214573,34.720631],[119.203788,34.697323],[119.189673,34.687397],[119.193675,34.680896],[119.186567,34.667455],[119.175442,34.663766],[119.171095,34.657746],[119.180345,34.645888],[119.172115,34.625895],[119.160113,34.616937],[119.151976,34.620501],[119.138739,34.609368],[119.143879,34.606701],[119.148366,34.60832],[119.147856,34.602967],[119.152164,34.597737],[119.163209,34.595258],[119.163169,34.588007],[119.182553,34.587415],[119.184605,34.5788],[119.218973,34.580025],[119.233877,34.563216],[119.282865,34.567484],[119.274515,34.587014],[119.2792,34.590167],[119.289066,34.59522],[119.299268,34.590587],[119.307202,34.591217],[119.325758,34.608096],[119.357738,34.605694],[119.357166,34.608862],[119.344417,34.614437],[119.362411,34.631098],[119.404398,34.646862],[119.422271,34.649936],[119.402174,34.660346],[119.393853,34.657129],[119.385898,34.66813],[119.390587,34.671692],[119.379596,34.680404],[119.368084,34.670834],[119.375247,34.659609],[119.373388,34.656047],[119.361545,34.666366],[119.365641,34.668929],[119.362218,34.672734],[119.347031,34.667019],[119.344743,34.669921],[119.332487,34.669829],[119.323255,34.678138],[119.319784,34.666894],[119.292011,34.66202],[119.289117,34.663453],[119.28978,34.668834],[119.27811,34.66668],[119.260297,34.677397],[119.254311,34.677527],[119.250527,34.681954],[119.253381,34.688951],[119.250093,34.69171],[119.257284,34.708072],[119.291178,34.720293],[119.307204,34.723635],[119.308804,34.718893],[119.328465,34.725517],[119.325766,34.727936],[119.337635,34.742628],[119.339048,34.761194],[119.335652,34.768987],[119.309901,34.786779],[119.294358,34.803791],[119.276451,34.830513],[119.256505,34.811334]]],"320706":[[[119.131544,34.603778],[119.120881,34.604256],[119.121358,34.591395],[119.128178,34.589077],[119.126661,34.584336],[119.111288,34.584406],[119.110405,34.580798],[119.125902,34.579277],[119.118991,34.562925],[119.123625,34.545848],[119.111181,34.539217],[119.116881,34.515881],[119.111374,34.489329],[119.106544,34.480992],[119.108816,34.468047],[119.099603,34.46317],[119.087398,34.464724],[119.085075,34.45453],[119.088369,34.44881],[119.099148,34.453205],[119.119054,34.448385],[119.126517,34.439258],[119.131208,34.438265],[119.167995,34.43862],[119.169142,34.444171],[119.199098,34.440998],[119.214486,34.456083],[119.217662,34.453109],[119.223065,34.455528],[119.220388,34.461811],[119.225371,34.467374],[119.211975,34.49034],[119.215492,34.496381],[119.228569,34.501896],[119.217869,34.502712],[119.209655,34.509887],[119.196989,34.535577],[119.198628,34.539873],[119.207033,34.540817],[119.217403,34.546544],[119.219627,34.556223],[119.233877,34.563216],[119.218973,34.580025],[119.184605,34.5788],[119.182553,34.587415],[119.163169,34.588007],[119.163209,34.595258],[119.152164,34.597737],[119.147856,34.602967],[119.148366,34.60832],[119.143879,34.606701],[119.138739,34.609368],[119.137031,34.603468],[119.131544,34.603778]]],"320721":[[[119.341525,34.92232],[119.346972,35.022994],[119.354253,35.037343],[119.3112,35.078819],[119.308609,35.102012],[119.30112,35.107423],[119.295786,35.1197],[119.278691,35.12058],[119.258637,35.128604],[119.247257,35.128722],[119.242184,35.121728],[119.234276,35.119688],[119.227412,35.112414],[119.20228,35.116337],[119.179266,35.113406],[119.164602,35.106901],[119.146746,35.103543],[119.136155,35.081893],[119.127186,35.076167],[119.127038,35.063679],[119.121996,35.060554],[119.08167,35.062453],[119.073075,35.058458],[119.054594,35.056509],[119.010638,35.059731],[118.999593,35.053653],[118.978053,35.052987],[118.952186,35.046851],[118.944268,35.048757],[118.935218,35.056869],[118.918822,35.054025],[118.894005,35.040363],[118.869591,35.032604],[118.872787,35.004365],[118.865995,34.967806],[118.870033,34.950188],[118.837853,34.919107],[118.813642,34.884027],[118.808702,34.851603],[118.803767,34.849212],[118.795244,34.851946],[118.776915,34.852309],[118.771889,34.849976],[118.77288,34.843133],[118.788983,34.832789],[118.783216,34.82388],[118.785611,34.814043],[118.780183,34.801192],[118.779195,34.769099],[118.829929,34.775983],[118.855759,34.774868],[118.876225,34.769396],[118.88683,34.763319],[118.910348,34.73649],[118.935376,34.723748],[118.963883,34.70246],[118.986387,34.694799],[119.030126,34.70575],[119.055885,34.698608],[119.068949,34.685634],[119.084712,34.679846],[119.102738,34.679936],[119.135446,34.689443],[119.182509,34.689955],[119.189673,34.687397],[119.203788,34.697323],[119.214573,34.720631],[119.207639,34.731422],[119.20845,34.741386],[119.214616,34.756333],[119.223974,34.765862],[119.23524,34.794849],[119.279435,34.83373],[119.356022,34.882992],[119.341487,34.902589],[119.341525,34.92232]]],