{"321002":[[[119.492289,32.448527],[119.491426,32.43016],[119.457769,32.421772],[119.459424,32.40869],[119.433291,32.406659],[119.436263,32.377133],[119.430787,32.374208],[119.434591,32.363369],[119.440847,32.364339],[119.436465,32.358979],[119.438411,32.352231],[119.476742,32.356465],[119.483393,32.360335],[119.484263,32.366783],[119.504858,32.368221],[119.504428,32.37104],[119.516304,32.372325],[119.525712,32.35175],[119.531775,32.349751],[119.526125,32.379062],[119.529314,32.387965],[119.528079,32.399559],[119.542497,32.420026],[119.540045,32.438683],[119.526781,32.439879],[119.513923,32.435563],[119.511128,32.431341],[119.506238,32.431759],[119.492289,32.448527]]],"321003":[[[119.310214,32.604243],[119.306885,32.596242],[119.318993,32.586982],[119.318895,32.581274],[119.330487,32.566193],[119.324571,32.559705],[119.316909,32.565789],[119.290991,32.565337],[119.296233,32.544023],[119.285271,32.52886],[119.29634,32.518908],[119.319993,32.505803],[119.32016,32.481425],[119.316781,32.478614],[119.313468,32.462259],[119.316209,32.441476],[119.310271,32.434358],[119.325053,32.4169],[119.31775,32.386094],[119.324817,32.37206],[119.335465,32.372128],[119.34821,32.31208],[119.3582,32.290027],[119.347575,32.283431],[119.347864,32.27438],[119.35481,32.264248],[119.359201,32.264189],[119.372184,32.252395],[119.376161,32.243641],[119.371615,32.232281],[119.394229,32.233357],[119.424105,32.256864],[119.46639,32.268916],[119.510863,32.261182],[119.520743,32.255099],[119.552948,32.284923],[119.551391,32.288851],[119.580039,32.292092],[119.581846,32.281454],[119.572155,32.280563],[119.574483,32.254759],[119.592491,32.260467],[119.60958,32.259641],[119.619226,32.255876],[119.62323,32.243395],[119.622869,32.227554],[119.625978,32.224103],[119.631593,32.236198],[119.627529,32.257774],[119.631877,32.263442],[119.676278,32.272017],[119.692569,32.281825],[119.696464,32.288714],[119.712065,32.282805],[119.725053,32.303614],[119.712502,32.312156],[119.692095,32.337458],[119.662995,32.355351],[119.623123,32.360527],[119.611379,32.366938],[119.596018,32.36834],[119.594251,32.371817],[119.598631,32.37891],[119.596337,32.381366],[119.58531,32.377092],[119.579328,32.386437],[119.570602,32.38024],[119.569155,32.387111],[119.581637,32.394505],[119.56375,32.40347],[119.560207,32.414531],[119.542497,32.420026],[119.528079,32.399559],[119.526114,32.373266],[119.531775,32.349751],[119.525712,32.35175],[119.516304,32.372325],[119.504428,32.37104],[119.504858,32.368221],[119.484263,32.366783],[119.483393,32.360335],[119.476742,32.356465],[119.438411,32.352231],[119.436465,32.358979],[119.440847,32.364339],[119.434591,32.363369],[119.430787,32.374208],[119.436263,32.377133],[119.433075,32.391823],[119.410725,32.389488],[119.408511,32.403391],[119.390692,32.402584],[119.389716,32.406633],[119.383498,32.406525],[119.372057,32.400221],[119.361376,32.411487],[119.355998,32.410906],[119.35213,32.419873],[119.34671,32.421135],[119.345916,32.426668],[119.335353,32.428253],[119.337635,32.456651],[119.349956,32.458774],[119.358415,32.450989],[119.365907,32.449468],[119.384547,32.46081],[119.413633,32.457904],[119.424655,32.452233],[119.446872,32.453825],[119.480789,32.464747],[119.490673,32.460544],[119.492289,32.448527],[119.50352,32.432495],[119.511128,32.431341],[119.513923,32.435563],[119.528051,32.440085],[119.555932,32.438524],[119.552167,32.44725],[119.540848,32.458798],[119.532001,32.480761],[119.497695,32.515554],[119.476965,32.546945],[119.476869,32.570696],[119.490474,32.578776],[119.47762,32.603591],[119.468034,32.65225],[119.425207,32.662613],[119.398782,32.672374],[119.393238,32.671714],[119.380782,32.666876],[119.373688,32.647384],[119.360713,32.637204],[119.358961,32.629409],[119.352412,32.622536],[119.338725,32.623307],[119.336559,32.627077],[119.324565,32.629749],[119.321516,32.616488],[119.314231,32.604256],[119.310214,32.604243]]],"321012":[],"321023":[[[119.256413,33.358159],[119.249217,33.358207],[119.241902,33.353241],[119.256484,33.324121],[119.270593,33.309576],[119.264401,33.306877],[119.246513,33.307311],[119.213663,33.297098],[119.191244,33.295859],[119.166564,33.289819],[119.159877,33.291635],[119.169606,33.277893],[119.168479,33.270127],[119.153099,33.254844],[119.149136,33.243927],[119.157096,33.219085],[119.171638,33.213963],[119.206497,33.21175],[119.208973,33.209493],[119.226132,33.211503],[119.236138,33.171825],[119.230444,33.166906],[119.234828,33.156887],[119.257239,33.163602],[119.311937,33.140719],[119.32049,33.134533],[119.327637,33.108071],[119.341404,33.090074],[119.349881,33.070758],[119.370288,33.059405],[119.370663,33.047466],[119.399394,33.033307],[119.399413,33.02422],[119.426178,33.027083],[119.435722,33.023996],[119.458655,33.038205],[119.512138,33.0298],[119.533828,33.035354],[119.591594,33.042335],[119.587236,33.051203],[119.589025,33.059059],[119.598893,33.063982],[119.600643,33.074844],[119.621864,33.090644],[119.644203,33.093189],[119.645256,33.108954],[119.647417,33.112109],[119.65506,33.111607],[119.65495,33.160621],[119.664583,33.16296],[119.664794,33.170328],[119.698685,33.192589],[119.708128,33.207452],[119.712378,33.203918],[119.715709,33.20542],[119.719242,33.224791],[119.699881,33.229943],[119.6923,33.242311],[119.70476,33.261087],[119.707978,33.273098],[119.721704,33.277626],[119.716287,33.289737],[119.708538,33.293696],[119.70695,33.29986],[119.694087,33.297808],[119.693026,33.29461],[119.666026,33.292007],[119.665186,33.288408],[119.660491,33.286992],[119.646981,33.299999],[119.647793,33.31738],[119.638778,33.323056],[119.642411,33.332968],[119.640267,33.34105],[119.62266,33.339442],[119.617436,33.363752],[119.619637,33.364396],[119.612009,33.385615],[119.596022,33.38663],[119.584565,33.383288],[119.573524,33.405072],[119.56579,33.406725],[119.559669,33.416444],[119.547452,33.421712],[119.511507,33.413546],[119.48835,33.412028],[119.455068,33.390549],[119.428835,33.383977],[119.371659,33.375488],[119.317533,33.373364],[119.256413,33.358159]]],