{"321102":[[[119.477746,32.268639],[119.476995,32.243641],[119.460875,32.2311],[119.446454,32.230914],[119.446467,32.222129],[119.450324,32.221514],[119.450943,32.210115],[119.455661,32.203733],[119.472134,32.202189],[119.482171,32.19038],[119.498291,32.186209],[119.493155,32.178357],[119.498503,32.175908],[119.517717,32.150714],[119.534115,32.155947],[119.543045,32.167876],[119.548607,32.159706],[119.565189,32.152902],[119.606049,32.14007],[119.613735,32.143127],[119.625998,32.137916],[119.630493,32.14864],[119.63939,32.153841],[119.641942,32.162308],[119.645637,32.163422],[119.654573,32.164611],[119.662402,32.157252],[119.678787,32.162704],[119.685869,32.155803],[119.701499,32.159611],[119.713796,32.15321],[119.726428,32.154027],[119.73398,32.158842],[119.730808,32.168157],[119.736417,32.178934],[119.728804,32.188091],[119.723745,32.189403],[119.723723,32.193767],[119.731782,32.1977],[119.730244,32.202064],[119.722164,32.202066],[119.726601,32.219957],[119.697864,32.242712],[119.691915,32.242495],[119.687601,32.226171],[119.670901,32.213126],[119.650012,32.203503],[119.612143,32.196126],[119.587594,32.197582],[119.566192,32.203416],[119.557986,32.209559],[119.558235,32.240197],[119.575227,32.240646],[119.572155,32.280563],[119.581846,32.281454],[119.580039,32.292092],[119.551391,32.288851],[119.552948,32.284923],[119.520743,32.255099],[119.510863,32.261182],[119.477746,32.268639]]],"321111":[[[119.381479,32.222283],[119.3539,32.20572],[119.334577,32.200973],[119.335488,32.195462],[119.370082,32.186301],[119.365,32.174601],[119.368047,32.171105],[119.382668,32.174624],[119.388493,32.170259],[119.382968,32.163272],[119.37238,32.161503],[119.376475,32.147758],[119.386306,32.150826],[119.39239,32.145792],[119.397445,32.146419],[119.398682,32.152302],[119.411893,32.146204],[119.42116,32.147648],[119.420542,32.144672],[119.425126,32.14533],[119.429678,32.150932],[119.423488,32.16882],[119.427546,32.173277],[119.444193,32.167769],[119.444718,32.156756],[119.452341,32.153011],[119.451851,32.149095],[119.463573,32.147976],[119.473703,32.153559],[119.480256,32.148833],[119.482631,32.140613],[119.506432,32.136578],[119.512159,32.139147],[119.517717,32.150714],[119.498503,32.175908],[119.493155,32.178357],[119.498291,32.186209],[119.482171,32.19038],[119.472134,32.202189],[119.455661,32.203733],[119.450943,32.210115],[119.450324,32.221514],[119.446467,32.222129],[119.446454,32.230914],[119.460875,32.2311],[119.476995,32.243641],[119.477746,32.268639],[119.46639,32.268916],[119.424105,32.256864],[119.381479,32.222283]]],"321112":[[[119.381467,31.994029],[119.390642,31.987883],[119.390108,31.973594],[119.362574,31.969367],[119.351468,31.958062],[119.35418,31.943886],[119.345689,31.938301],[119.352448,31.934563],[119.356439,31.926956],[119.348149,31.915115],[119.349913,31.900265],[119.345088,31.892367],[119.348692,31.885126],[119.343203,31.877125],[119.344782,31.866498],[119.352891,31.862557],[119.370709,31.863872],[119.378968,31.851865],[119.393523,31.852942],[119.410123,31.838592],[119.428853,31.835548],[119.434633,31.838753],[119.439613,31.832949],[119.448776,31.832848],[119.432157,31.858575],[119.424971,31.859132],[119.424761,31.86626],[119.433574,31.874648],[119.421354,31.88154],[119.420476,31.891611],[119.41462,31.896764],[119.415921,31.904842],[119.407918,31.914928],[119.417258,31.921996],[119.42127,31.931931],[119.428397,31.938012],[119.423715,31.944039],[119.423949,31.955648],[119.435426,31.974801],[119.435552,32.00093],[119.442473,32.013812],[119.454079,32.020707],[119.445793,32.035086],[119.446394,32.042176],[119.454763,32.0458],[119.465624,32.039933],[119.472362,32.052497],[119.484355,32.062174],[119.484208,32.075313],[119.491449,32.082275],[119.499943,32.083886],[119.501634,32.08822],[119.510341,32.090496],[119.535081,32.076424],[119.543477,32.07897],[119.559124,32.06971],[119.567058,32.069137],[119.587725,32.084321],[119.598695,32.078783],[119.604946,32.08218],[119.612518,32.068585],[119.623579,32.070003],[119.631026,32.07477],[119.638406,32.086471],[119.649692,32.09006],[119.654273,32.110207],[119.666722,32.10824],[119.674414,32.100401],[119.6784,32.101845],[119.684452,32.109311],[119.700323,32.114728],[119.699451,32.128522],[119.711005,32.138636],[119.72435,32.137035],[119.730387,32.119734],[119.740229,32.12047],[119.740788,32.123827],[119.747922,32.124971],[119.792527,32.116766],[119.803144,32.118457],[119.798892,32.12683],[119.798947,32.137297],[119.810313,32.174408],[119.805437,32.183796],[119.80999,32.187604],[119.82787,32.191757],[119.827835,32.201025],[119.839073,32.202313],[119.838896,32.205686],[119.828581,32.211907],[119.814863,32.213933],[119.793087,32.211183],[119.773334,32.220053],[119.73291,32.249232],[119.704336,32.263312],[119.712065,32.282805],[119.696464,32.288714],[119.692569,32.281825],[119.676278,32.272017],[119.631877,32.263442],[119.627529,32.257774],[119.631593,32.236198],[119.625978,32.224103],[119.622869,32.227554],[119.62323,32.243395],[119.619226,32.255876],[119.60958,32.259641],[119.592491,32.260467],[119.574483,32.254759],[119.575227,32.240646],[119.558235,32.240197],[119.557986,32.209559],[119.566192,32.203416],[119.587594,32.197582],[119.631606,32.198224],[119.670901,32.213126],[119.687601,32.226171],[119.691915,32.242495],[119.697864,32.242712],[119.726601,32.219957],[119.722164,32.202066],[119.730244,32.202064],[119.731782,32.1977],[119.723723,32.193767],[119.723745,32.189403],[119.728804,32.188091],[119.736417,32.178934],[119.730808,32.168157],[119.73398,32.158842],[119.726428,32.154027],[119.713796,32.15321],[119.701499,32.159611],[119.685869,32.155803],[119.678787,32.162704],[119.662402,32.157252],[119.654573,32.164611],[119.645637,32.163422],[119.641942,32.162308],[119.63939,32.153841],[119.630493,32.14864],[119.625998,32.137916],[119.613735,32.143127],[119.606049,32.14007],[119.565189,32.152902],[119.548607,32.159706],[119.543045,32.167876],[119.534115,32.155947],[119.51913,32.152066],[119.512159,32.139147],[119.506432,32.136578],[119.482631,32.140613],[119.480256,32.148833],[119.473703,32.153559],[119.463573,32.147976],[119.451851,32.149095],[119.452341,32.153011],[119.444718,32.156756],[119.444193,32.167769],[119.427546,32.173277],[119.423488,32.16882],[119.429678,32.150932],[119.425126,32.14533],[119.420542,32.144672],[119.42116,32.147648],[119.411893,32.146204],[119.398682,32.152302],[119.397445,32.146419],[119.39239,32.145792],[119.386306,32.150826],[119.376475,32.147758],[119.37238,32.161503],[119.382968,32.163272],[119.388493,32.170259],[119.382668,32.174624],[119.368047,32.171105],[119.365,32.174601],[119.370082,32.186301],[119.335488,32.195462],[119.334577,32.200973],[119.3539,32.20572],[119.377251,32.218164],[119.392062,32.232558],[119.377021,32.231518],[119.321617,32.240137],[119.256747,32.237722],[119.241592,32.229125],[119.272974,32.210444],[119.27749,32.200594],[119.270206,32.188021],[119.260185,32.183034],[119.260262,32.174384],[119.252263,32.152771],[119.254712,32.139733],[119.256943,32.135437],[119.271336,32.138174],[119.280215,32.12605],[119.284344,32.11285],[119.301933,32.104458],[119.305718,32.099683],[119.315858,32.101454],[119.331984,32.095379],[119.341679,32.082413],[119.338248,32.076072],[119.356513,32.07196],[119.371095,32.059413],[119.377544,32.039524],[119.375408,32.03066],[119.381364,32.018334],[119.371577,32.0079],[119.381467,31.994029]]],