{"321302":[[[118.211078,34.009776],[118.200857,34.018457],[118.183305,34.023467],[118.18408,33.993786],[118.186976,33.990843],[118.21461,33.984456],[118.209379,33.966128],[118.205916,33.960111],[118.19679,33.961329],[118.196023,33.954997],[118.186409,33.955614],[118.186033,33.950897],[118.176223,33.950871],[118.176237,33.942335],[118.164044,33.938005],[118.157317,33.929961],[118.149961,33.929912],[118.157364,33.903846],[118.174731,33.887021],[118.181135,33.870786],[118.182376,33.850454],[118.191062,33.850788],[118.194537,33.836522],[118.190282,33.822524],[118.174198,33.826784],[118.175485,33.816472],[118.168313,33.809761],[118.166201,33.798183],[118.177031,33.79222],[118.185128,33.769257],[118.177422,33.765147],[118.17517,33.755832],[118.195851,33.749901],[118.203124,33.743079],[118.197988,33.727459],[118.210106,33.723096],[118.214991,33.728689],[118.251862,33.721953],[118.266744,33.713177],[118.366474,33.794779],[118.378344,33.794514],[118.383939,33.802832],[118.412468,33.790836],[118.440517,33.797415],[118.455516,33.796698],[118.455887,33.807452],[118.47333,33.818517],[118.424315,33.852178],[118.385266,33.852376],[118.359293,33.861422],[118.334315,33.887459],[118.317932,33.923639],[118.315356,33.939476],[118.323939,33.971625],[118.323101,33.979815],[118.331564,33.979157],[118.32717,33.985907],[118.33168,33.991604],[118.331479,34.007819],[118.319651,34.009112],[118.322518,34.012462],[118.313196,34.018182],[118.284054,34.018385],[118.28488,34.020589],[118.278376,34.023142],[118.249965,34.005087],[118.222121,34.002186],[118.211078,34.009776]]],"321311":[[[118.381617,34.120828],[118.367555,34.122346],[118.305678,34.118587],[118.259198,34.131728],[118.255142,34.129508],[118.244267,34.130547],[118.218352,34.167384],[118.195993,34.168568],[118.183811,34.162509],[118.160631,34.166042],[118.156499,34.161984],[118.160929,34.154182],[118.15945,34.145313],[118.15133,34.141187],[118.12734,34.14986],[118.109495,34.145666],[118.105346,34.148177],[118.104579,34.15596],[118.093148,34.161612],[118.090285,34.171399],[118.078355,34.177377],[118.067092,34.163237],[118.070442,34.158606],[118.02368,34.148703],[118.017398,34.145116],[118.005593,34.145879],[118.001003,34.129706],[118.003224,34.111538],[118.01507,34.105714],[118.011964,34.097761],[118.019738,34.089588],[118.055179,34.098508],[118.058792,34.091526],[118.070279,34.060025],[118.065759,34.051299],[118.067536,34.045102],[118.073352,34.040697],[118.068179,34.037565],[118.070164,34.026954],[118.060713,34.015768],[118.039426,34.015675],[118.036474,34.012527],[118.038772,34.005481],[118.035064,34.00406],[118.035929,33.99887],[118.039329,33.992604],[118.049307,33.989397],[118.058791,33.978364],[118.068633,33.97721],[118.079138,33.971626],[118.09185,33.971801],[118.092218,33.947856],[118.10562,33.947961],[118.112643,33.94119],[118.117755,33.94135],[118.126105,33.947234],[118.124883,33.95863],[118.132141,33.960654],[118.14127,33.950576],[118.149961,33.929912],[118.157317,33.929961],[118.164044,33.938005],[118.176237,33.942335],[118.176223,33.950871],[118.186033,33.950897],[118.186409,33.955614],[118.196023,33.954997],[118.19679,33.961329],[118.205916,33.960111],[118.21461,33.984456],[118.186976,33.990843],[118.18408,33.993786],[118.18384,34.023966],[118.200857,34.018457],[118.222534,34.002147],[118.250159,34.005145],[118.278376,34.023142],[118.28488,34.020589],[118.284054,34.018385],[118.313196,34.018182],[118.322518,34.012462],[118.319651,34.009112],[118.331552,34.007705],[118.33168,33.991604],[118.32717,33.985907],[118.331564,33.979157],[118.323101,33.979815],[118.323939,33.971625],[118.315804,33.949066],[118.317352,33.925488],[118.334315,33.887459],[118.358211,33.862022],[118.385266,33.852376],[118.424315,33.852178],[118.464021,33.82373],[118.499873,33.80476],[118.50468,33.806814],[118.509999,33.8165],[118.513435,33.815431],[118.526685,33.82317],[118.538615,33.826025],[118.555127,33.822925],[118.567308,33.812899],[118.572207,33.816599],[118.578451,33.816575],[118.586577,33.83823],[118.580253,33.845515],[118.581963,33.851743],[118.586987,33.853695],[118.589642,33.861],[118.598342,33.864664],[118.598913,33.878723],[118.605595,33.880487],[118.605841,33.89265],[118.586383,33.901077],[118.592241,33.916285],[118.589097,33.927874],[118.603911,33.95628],[118.598131,33.963003],[118.582652,34.011938],[118.566566,34.015636],[118.565427,34.018199],[118.567274,34.029232],[118.574016,34.028239],[118.586086,34.04518],[118.576817,34.061803],[118.577213,34.07282],[118.551303,34.092894],[118.545443,34.11134],[118.550609,34.115659],[118.546848,34.128558],[118.52094,34.121969],[118.511162,34.113659],[118.482513,34.102114],[118.461444,34.111705],[118.443932,34.110497],[118.395465,34.122558],[118.381617,34.120828]]],