{"330502":[[[120.25642,30.846535],[120.292071,30.846996],[120.323209,30.852782],[120.331223,30.861146],[120.337053,30.877663],[120.345372,30.878291],[120.344169,30.896779],[120.346762,30.901701],[120.354187,30.897076],[120.368156,30.901762],[120.363475,30.915244],[120.364127,30.924536],[120.369252,30.929412],[120.365988,30.93982],[120.377934,30.954818],[120.312729,30.937177],[120.261699,30.932722],[120.203329,30.937395],[120.153583,30.945984],[120.135528,30.951664],[120.11195,30.968339],[120.096618,30.954452],[120.071326,30.948747],[120.045272,30.936429],[120.037499,30.941251],[120.030251,30.933921],[120.015466,30.933398],[120.016412,30.928858],[120.012036,30.926763],[119.985309,30.93253],[119.973784,30.929625],[119.978427,30.912862],[119.961388,30.893897],[119.960528,30.869884],[119.954702,30.859954],[119.96081,30.852918],[119.966456,30.825066],[119.960172,30.813656],[119.961783,30.804409],[119.953214,30.794093],[119.954674,30.754967],[119.948067,30.750509],[119.946829,30.740033],[119.924885,30.729252],[119.896813,30.730051],[119.872189,30.698237],[119.881434,30.691979],[119.879303,30.687373],[119.88298,30.679992],[119.893872,30.672199],[119.889392,30.66715],[119.904948,30.665447],[119.922648,30.65256],[119.922087,30.644901],[119.906722,30.627556],[119.927566,30.622352],[119.944313,30.63682],[119.955553,30.638453],[119.96384,30.636301],[119.967322,30.626898],[119.973187,30.623291],[119.987382,30.625858],[119.991831,30.623161],[119.998876,30.627549],[120.007253,30.620456],[120.015717,30.627819],[120.020646,30.638798],[120.033885,30.635929],[120.03805,30.644254],[120.052836,30.642321],[120.073384,30.65065],[120.087111,30.660946],[120.097111,30.658804],[120.099766,30.647911],[120.111618,30.646454],[120.122858,30.647873],[120.126827,30.653745],[120.130858,30.653001],[120.147738,30.660826],[120.155706,30.655267],[120.174803,30.658578],[120.179349,30.670085],[120.163513,30.680506],[120.15267,30.704823],[120.134265,30.708866],[120.119375,30.722265],[120.105051,30.726308],[120.088185,30.721504],[120.089704,30.752552],[120.102105,30.766209],[120.105681,30.781955],[120.128345,30.815997],[120.132807,30.836495],[120.140443,30.835603],[120.148905,30.839122],[120.163629,30.825429],[120.172234,30.82437],[120.185795,30.816441],[120.198161,30.815173],[120.225921,30.826424],[120.229236,30.849685],[120.25642,30.846535]]],"330503":[[[120.481688,30.756355],[120.475281,30.772383],[120.482028,30.772974],[120.490453,30.768226],[120.496934,30.769437],[120.482593,30.795046],[120.481585,30.811099],[120.472621,30.812327],[120.464687,30.822339],[120.463768,30.830334],[120.468376,30.834445],[120.466848,30.846061],[120.45987,30.856245],[120.44787,30.862156],[120.450912,30.870781],[120.45969,30.875796],[120.441081,30.893734],[120.443753,30.922439],[120.428086,30.933522],[120.423344,30.928735],[120.428743,30.911213],[120.425255,30.901626],[120.402826,30.89569],[120.391364,30.896898],[120.373536,30.889636],[120.370051,30.890829],[120.368156,30.901762],[120.354187,30.897076],[120.346762,30.901701],[120.344169,30.896779],[120.345372,30.878291],[120.337053,30.877663],[120.331223,30.861146],[120.323209,30.852782],[120.292071,30.846996],[120.274517,30.848661],[120.261018,30.846081],[120.229236,30.849685],[120.225921,30.826424],[120.198161,30.815173],[120.185795,30.816441],[120.172234,30.82437],[120.163629,30.825429],[120.148905,30.839122],[120.140443,30.835603],[120.132807,30.836495],[120.128345,30.815997],[120.105681,30.781955],[120.102105,30.766209],[120.089704,30.752552],[120.086205,30.724419],[120.088185,30.721504],[120.105051,30.726308],[120.119375,30.722265],[120.134265,30.708866],[120.15126,30.70584],[120.163513,30.680506],[120.179349,30.670085],[120.181465,30.682932],[120.187909,30.687015],[120.228008,30.679839],[120.226806,30.67312],[120.220021,30.667318],[120.218266,30.647221],[120.223776,30.645714],[120.229103,30.650616],[120.235655,30.649957],[120.235449,30.642253],[120.255491,30.641028],[120.267146,30.633697],[120.274396,30.632812],[120.281119,30.635578],[120.28115,30.639552],[120.265324,30.656388],[120.274647,30.656529],[120.286831,30.650869],[120.285457,30.65783],[120.289023,30.665373],[120.297909,30.663912],[120.297506,30.673203],[120.306239,30.679912],[120.31541,30.676516],[120.314702,30.668682],[120.309745,30.664981],[120.316845,30.660265],[120.311293,30.651613],[120.321302,30.64743],[120.326887,30.649703],[120.331613,30.657308],[120.350077,30.65174],[120.348204,30.668109],[120.362651,30.668467],[120.37224,30.66075],[120.376219,30.664287],[120.382652,30.662654],[120.385078,30.664836],[120.387245,30.676868],[120.412437,30.677196],[120.418311,30.683995],[120.424324,30.681591],[120.445418,30.687628],[120.460212,30.686893],[120.460927,30.693063],[120.454633,30.700227],[120.44896,30.699396],[120.448347,30.705054],[120.452115,30.707783],[120.47525,30.709046],[120.494666,30.737357],[120.488713,30.740267],[120.481688,30.756355]]],