{"340402":[[[117.199783,32.620562],[117.167644,32.690376],[117.181431,32.700101],[117.190952,32.702337],[117.196401,32.72254],[117.213133,32.73278],[117.202675,32.740383],[117.188635,32.74162],[117.18598,32.746779],[117.167242,32.74642],[117.165612,32.755705],[117.134731,32.763863],[117.092509,32.751284],[117.08823,32.74098],[117.103345,32.728356],[117.103573,32.715445],[117.086213,32.698537],[117.067863,32.695604],[117.044501,32.685891],[117.047527,32.679091],[117.055138,32.678245],[117.057506,32.673733],[117.054767,32.663555],[117.040739,32.658505],[117.047254,32.653048],[117.04303,32.640713],[117.045737,32.627748],[117.03847,32.621074],[117.037948,32.590788],[117.045536,32.575358],[117.043443,32.572408],[117.033117,32.573636],[117.031289,32.566961],[117.038757,32.559553],[117.037772,32.556093],[117.056104,32.547674],[117.054055,32.537776],[117.072184,32.538664],[117.082831,32.532241],[117.099356,32.536295],[117.121842,32.530095],[117.147587,32.527693],[117.168486,32.540838],[117.207584,32.539533],[117.209791,32.54832],[117.220914,32.556905],[117.221633,32.563901],[117.209359,32.578113],[117.199783,32.620562]]],"340403":[[[117.03174,32.568812],[117.034033,32.574191],[117.043443,32.572408],[117.045536,32.575358],[117.037948,32.590788],[117.03847,32.621074],[117.045737,32.627748],[117.04303,32.640713],[117.047254,32.653048],[117.040739,32.658505],[117.054767,32.663555],[117.057506,32.673733],[117.055138,32.678245],[117.047527,32.679091],[117.044501,32.685891],[117.025444,32.67515],[117.014757,32.673382],[116.990393,32.680515],[116.96973,32.681852],[116.966066,32.681176],[116.962571,32.673703],[116.945978,32.670033],[116.942902,32.676132],[116.926603,32.669668],[116.921914,32.665229],[116.918987,32.644369],[116.91564,32.640935],[116.923032,32.617528],[116.928253,32.611384],[116.950547,32.610701],[116.952594,32.606337],[116.946739,32.596138],[116.949809,32.580447],[116.941951,32.574033],[116.942136,32.56412],[116.954262,32.563856],[116.982968,32.552254],[116.999617,32.533265],[116.99719,32.527167],[117.001903,32.522512],[116.999587,32.498018],[117.008308,32.490864],[117.021204,32.492856],[117.026239,32.486953],[117.024572,32.476549],[117.01714,32.475289],[117.007283,32.467473],[116.997079,32.465978],[116.995761,32.428567],[117.000551,32.417395],[116.993425,32.403799],[116.993807,32.392693],[117.012491,32.393074],[117.019468,32.410338],[117.031461,32.417702],[117.051134,32.423189],[117.05708,32.432312],[117.058738,32.445922],[117.073858,32.465955],[117.076268,32.490714],[117.085876,32.511491],[117.086588,32.521446],[117.08079,32.52471],[117.082831,32.532241],[117.072184,32.538664],[117.054055,32.537776],[117.056104,32.547674],[117.037772,32.556093],[117.038948,32.559224],[117.03174,32.568812]]],"340404":[[[117.026027,32.481848],[117.023656,32.491592],[117.008308,32.490864],[116.999587,32.498018],[117.001903,32.522512],[116.99719,32.527167],[116.999617,32.533265],[116.982968,32.552254],[116.954262,32.563856],[116.942136,32.56412],[116.941951,32.574033],[116.949809,32.580447],[116.946739,32.596138],[116.952594,32.606337],[116.950547,32.610701],[116.928253,32.611384],[116.923032,32.617528],[116.91564,32.640935],[116.918987,32.644369],[116.921914,32.665229],[116.91102,32.667509],[116.889519,32.656007],[116.88695,32.66644],[116.867059,32.679901],[116.858045,32.666733],[116.884806,32.651035],[116.874109,32.633215],[116.876488,32.631138],[116.886219,32.632931],[116.883444,32.618221],[116.877867,32.615411],[116.864792,32.617191],[116.858848,32.611031],[116.857686,32.603796],[116.854604,32.603645],[116.836891,32.616018],[116.831698,32.633052],[116.816322,32.63314],[116.812312,32.618838],[116.820414,32.608207],[116.817217,32.593483],[116.826416,32.591085],[116.831429,32.58461],[116.838868,32.562261],[116.846053,32.564939],[116.860252,32.553681],[116.875462,32.548261],[116.878242,32.535526],[116.891087,32.525899],[116.902393,32.50239],[116.899969,32.491328],[116.890151,32.484235],[116.912352,32.472895],[116.897422,32.461455],[116.896084,32.428012],[116.906174,32.396064],[116.913152,32.393559],[116.993807,32.392693],[116.993425,32.403799],[117.000551,32.417395],[116.995761,32.428567],[116.997079,32.465978],[117.007283,32.467473],[117.01714,32.475289],[117.024572,32.476549],[117.026027,32.481848]]],"340405":[[[124.381606,43.175891],[124.364107,43.147917],[124.358992,43.131752],[124.378868,43.122436],[124.404351,43.098463],[124.433841,43.085264],[124.40861,43.057578],[124.357469,43.014827],[124.344229,43.009056],[124.341655,43.005109],[124.364039,42.983951],[124.380531,42.976698],[124.404823,42.975947],[124.426076,42.983231],[124.434348,42.974723],[124.445297,42.969153],[124.447249,42.963612],[124.464483,42.967589],[124.473287,42.979119],[124.488492,42.980699],[124.496825,42.986596],[124.515386,42.978198],[124.534611,42.999797],[124.548768,43.010355],[124.549855,43.021619],[124.555157,43.02917],[124.558961,43.031882],[124.569242,43.030876],[124.58149,43.053245],[124.590196,43.062414],[124.583495,43.06782],[124.561609,43.063192],[124.54011,43.068973],[124.498139,43.065914],[124.488463,43.078679],[124.484313,43.091064],[124.502134,43.100075],[124.495155,43.116352],[124.48497,43.121038],[124.473843,43.119843],[124.465592,43.124628],[124.481268,43.148938],[124.488387,43.149037],[124.507316,43.141413],[124.510383,43.135176],[124.521285,43.131753],[124.527357,43.120928],[124.538412,43.114732],[124.548347,43.116388],[124.551154,43.125208],[124.572261,43.13301],[124.560022,43.136656],[124.553715,43.134238],[124.534794,43.138807],[124.538579,43.154236],[124.533866,43.157246],[124.522195,43.156745],[124.518183,43.15917],[124.522093,43.170184],[124.537363,43.172039],[124.542778,43.17534],[124.548265,43.17257],[124.556904,43.174558],[124.571127,43.18245],[124.572867,43.188008],[124.533141,43.186728],[124.527042,43.196042],[124.497552,43.206074],[124.489899,43.215192],[124.466051,43.226523],[124.453591,43.223596],[124.446803,43.21732],[124.437792,43.215865],[124.42669,43.204508],[124.399292,43.203065],[124.381606,43.175891]]],"340406":[[[116.881424,32.670791],[116.88695,32.66644],[116.889519,32.656007],[116.91102,32.667509],[116.921914,32.665229],[116.939999,32.675663],[116.942902,32.676132],[116.94705,32.669912],[116.964444,32.674272],[116.965249,32.680095],[116.96973,32.681852],[116.981765,32.681938],[117.008959,32.673887],[117.020806,32.673765],[117.059185,32.692624],[117.086213,32.698537],[117.103573,32.715445],[117.105184,32.724919],[117.098667,32.731941],[117.078605,32.718054],[117.066256,32.732245],[117.066432,32.738602],[117.050891,32.742564],[117.041848,32.753993],[117.035195,32.753727],[117.03596,32.763827],[117.025166,32.763626],[117.008413,32.784954],[116.96243,32.800664],[116.814222,32.902237],[116.801735,32.917201],[116.744085,32.936712],[116.710374,32.941818],[116.714035,32.937644],[116.71294,32.922341],[116.709147,32.919329],[116.699825,32.919457],[116.69806,32.912235],[116.704688,32.898439],[116.702694,32.8922],[116.697995,32.889521],[116.69814,32.877642],[116.693978,32.873116],[116.681825,32.870707],[116.673994,32.857638],[116.684316,32.806162],[116.702471,32.786483],[116.713984,32.788531],[116.72394,32.798657],[116.735558,32.796472],[116.740344,32.78339],[116.752593,32.7836],[116.7564,32.748891],[116.770935,32.741875],[116.768906,32.726298],[116.828005,32.702851],[116.834832,32.680034],[116.840033,32.674513],[116.84688,32.673501],[116.856815,32.685863],[116.881424,32.670791]]],