{"340602":[[[116.860269,34.089403],[116.842514,34.070062],[116.835613,34.068832],[116.83452,34.077622],[116.830155,34.073505],[116.823956,34.088474],[116.820819,34.086591],[116.808455,34.038181],[116.814267,34.018092],[116.809795,33.998153],[116.824891,33.988625],[116.829996,33.979945],[116.861368,33.971053],[116.866966,33.97868],[116.890129,33.963382],[116.886223,33.947694],[116.899339,33.942494],[116.923997,33.959065],[116.933909,33.9608],[116.948599,33.948645],[116.961233,33.950416],[116.965602,33.954738],[116.96276,33.962811],[116.966803,33.972502],[116.964672,33.976173],[116.980262,33.992669],[116.980328,34.005345],[116.986215,34.020008],[116.976209,34.022168],[116.976273,34.034731],[116.972714,34.039072],[116.956749,34.041964],[116.953408,34.049428],[116.954606,34.056687],[116.975509,34.076307],[116.980071,34.084884],[116.957024,34.083789],[116.936625,34.087501],[116.932392,34.09907],[116.917677,34.11247],[116.913977,34.104676],[116.880527,34.080322],[116.864946,34.089877],[116.860269,34.089403]],[[117.006395,34.148435],[117.010804,34.157381],[117.019044,34.155523],[117.029824,34.167788],[117.03938,34.162447],[117.037362,34.169922],[117.039755,34.173031],[117.033465,34.173667],[117.039012,34.184449],[117.0339,34.184692],[117.045228,34.207562],[117.064932,34.230761],[117.051532,34.230512],[117.052967,34.250276],[117.049088,34.254505],[117.034459,34.246256],[117.03842,34.235117],[117.019807,34.222187],[117.015335,34.224549],[117.018333,34.242506],[117.001071,34.229157],[116.995209,34.211515],[116.986736,34.202048],[116.988489,34.184412],[116.96013,34.170496],[116.96186,34.156673],[116.9711,34.151746],[116.969653,34.149196],[116.962141,34.14907],[116.962305,34.144604],[116.969672,34.144887],[116.969832,34.126192],[116.987239,34.12782],[116.994334,34.145135],[117.006395,34.148435]]],"340603":[[[116.756404,33.95849],[116.766683,33.958893],[116.781767,33.95057],[116.799236,33.930699],[116.800499,33.927431],[116.796651,33.92327],[116.84819,33.919618],[116.853941,33.923417],[116.864331,33.940975],[116.864966,33.950511],[116.859593,33.960106],[116.861368,33.971053],[116.829996,33.979945],[116.825402,33.988128],[116.811423,33.996368],[116.809377,34.001236],[116.804418,34.000692],[116.802789,34.009246],[116.790554,34.013409],[116.790888,34.017434],[116.758828,34.019303],[116.752194,34.023256],[116.740757,34.018162],[116.738055,34.02242],[116.726444,34.019937],[116.716895,34.014772],[116.696491,34.021845],[116.687557,34.015814],[116.656428,34.026714],[116.650006,34.024151],[116.640055,34.027106],[116.633305,34.023819],[116.610112,34.024361],[116.615053,34.004986],[116.636907,33.994027],[116.650168,33.982683],[116.666888,33.981852],[116.681045,33.971669],[116.69386,33.979425],[116.707148,33.973047],[116.70865,33.965862],[116.717111,33.956723],[116.756404,33.95849]]],"340604":[[[117.015889,33.947438],[117.005374,33.951298],[116.989027,33.965454],[116.966803,33.972502],[116.96276,33.962811],[116.965602,33.954738],[116.961233,33.950416],[116.948599,33.948645],[116.933909,33.9608],[116.923997,33.959065],[116.899339,33.942494],[116.886223,33.947694],[116.890129,33.963382],[116.866966,33.97868],[116.861368,33.971053],[116.859593,33.960106],[116.864966,33.950511],[116.864331,33.940975],[116.851221,33.920746],[116.843645,33.918614],[116.806699,33.923049],[116.804722,33.913188],[116.796124,33.911149],[116.794622,33.87689],[116.809494,33.866489],[116.808396,33.862112],[116.79337,33.849055],[116.800049,33.834642],[116.797308,33.824001],[116.812731,33.799824],[116.804563,33.791104],[116.801068,33.773812],[116.803768,33.766872],[116.810942,33.764471],[116.842077,33.739171],[116.846855,33.722956],[116.858929,33.719618],[116.885585,33.703649],[116.894677,33.690474],[116.93279,33.676513],[116.935933,33.678843],[116.934468,33.708042],[116.944044,33.710217],[116.937127,33.751559],[116.957379,33.751828],[116.950571,33.762111],[116.948728,33.778404],[116.956694,33.793936],[116.957839,33.83673],[116.963583,33.853293],[116.967664,33.895534],[116.970197,33.899165],[116.981772,33.901821],[116.987485,33.906499],[116.992482,33.905315],[116.998346,33.910112],[117.003502,33.920512],[116.997308,33.932343],[117.015889,33.947438]]],