{"350302":[[[119.038139,25.273661],[119.041974,25.28025],[119.048761,25.282245],[119.047582,25.289637],[119.052935,25.304632],[119.050823,25.311437],[119.036429,25.318233],[119.033591,25.323626],[119.031923,25.329501],[119.035261,25.339351],[119.017006,25.341766],[119.011211,25.345525],[119.007306,25.354842],[118.989779,25.353552],[118.981673,25.371373],[118.993809,25.383222],[118.99513,25.39597],[119.004132,25.408401],[119.012921,25.407338],[119.020081,25.413078],[119.022373,25.421396],[119.02623,25.413179],[119.031733,25.420289],[119.038531,25.418918],[119.026732,25.433736],[119.01662,25.434556],[119.01463,25.439659],[119.019586,25.452806],[119.016913,25.463927],[119.023862,25.462539],[119.029462,25.476457],[119.02303,25.490371],[119.014081,25.495258],[119.011036,25.504429],[118.989133,25.511863],[118.993396,25.522162],[118.989434,25.528063],[118.991472,25.539625],[118.971624,25.541923],[118.971059,25.560283],[118.983727,25.574464],[118.982438,25.587246],[118.972784,25.587327],[118.970375,25.59007],[118.964629,25.587171],[118.962242,25.595562],[118.950551,25.588124],[118.944664,25.589956],[118.940663,25.59517],[118.94422,25.619186],[118.936163,25.622325],[118.926022,25.617397],[118.939035,25.605717],[118.932387,25.597531],[118.946067,25.559449],[118.937665,25.549511],[118.931299,25.547518],[118.913432,25.551608],[118.904812,25.56459],[118.895385,25.568617],[118.893089,25.57506],[118.8668,25.567162],[118.866297,25.55977],[118.846184,25.545735],[118.857004,25.533017],[118.866097,25.528905],[118.869393,25.520389],[118.861622,25.510082],[118.857624,25.513421],[118.841088,25.515597],[118.849322,25.491823],[118.844098,25.483617],[118.836441,25.479446],[118.835342,25.473067],[118.846106,25.462912],[118.831598,25.455089],[118.847745,25.43505],[118.854541,25.437442],[118.859899,25.432682],[118.866072,25.436365],[118.856552,25.414658],[118.858842,25.402588],[118.856399,25.394281],[118.860502,25.370313],[118.867183,25.360756],[118.862648,25.347086],[118.871481,25.314598],[118.874316,25.310974],[118.886992,25.31074],[118.897279,25.31487],[118.904622,25.306595],[118.903871,25.274805],[118.915527,25.267029],[118.924181,25.26924],[118.930403,25.266084],[118.962516,25.279009],[118.962004,25.28285],[118.969188,25.28487],[118.970486,25.28251],[118.986438,25.282447],[118.992902,25.284518],[118.994638,25.289718],[119.000837,25.293189],[119.010765,25.288198],[119.029953,25.2892],[119.039302,25.282429],[119.038139,25.273661]]],"350303":[[[119.072031,25.75608],[119.061645,25.757816],[119.049699,25.749177],[119.037651,25.749264],[119.031427,25.74354],[119.017899,25.739331],[118.985139,25.741564],[118.979956,25.738881],[118.976617,25.730275],[118.961121,25.726047],[118.956754,25.727485],[118.963304,25.73595],[118.961204,25.74946],[118.954076,25.754352],[118.947827,25.753563],[118.945972,25.743995],[118.930531,25.733793],[118.914422,25.731124],[118.887612,25.714527],[118.882609,25.716627],[118.858467,25.707581],[118.863629,25.704231],[118.865763,25.694634],[118.857943,25.68349],[118.857239,25.670848],[118.865867,25.655284],[118.877,25.648946],[118.873405,25.641708],[118.906278,25.636173],[118.901275,25.62945],[118.910649,25.619117],[118.926022,25.617397],[118.936163,25.622325],[118.942902,25.621518],[118.94412,25.605157],[118.940663,25.59517],[118.944664,25.589956],[118.950551,25.588124],[118.962242,25.595562],[118.964629,25.587171],[118.970375,25.59007],[118.972784,25.587327],[118.982438,25.587246],[118.983727,25.574464],[118.971059,25.560283],[118.973364,25.539964],[118.991472,25.539625],[118.994633,25.547221],[118.999558,25.546564],[119.006008,25.551548],[119.012567,25.55081],[119.018597,25.544926],[119.030834,25.561734],[119.063065,25.562318],[119.065675,25.532511],[119.075299,25.520477],[119.087182,25.494723],[119.084497,25.492153],[119.086353,25.479457],[119.079537,25.475853],[119.086393,25.46689],[119.079223,25.457068],[119.081039,25.442744],[119.092715,25.437697],[119.092273,25.423349],[119.111963,25.423772],[119.122527,25.430779],[119.130656,25.414709],[119.135487,25.41181],[119.144393,25.416182],[119.159514,25.447209],[119.177225,25.456629],[119.176641,25.460893],[119.19381,25.470056],[119.197194,25.467056],[119.218197,25.472553],[119.218757,25.486363],[119.213884,25.495906],[119.233618,25.498166],[119.2381,25.512174],[119.249534,25.519533],[119.250857,25.533823],[119.240544,25.550241],[119.23976,25.558704],[119.235537,25.561535],[119.237104,25.570536],[119.209572,25.55113],[119.204982,25.559579],[119.187157,25.561273],[119.181311,25.569927],[119.175231,25.572667],[119.172535,25.584465],[119.16587,25.589908],[119.169915,25.59402],[119.163816,25.606201],[119.164487,25.61701],[119.149826,25.625465],[119.147331,25.634683],[119.140722,25.63839],[119.140468,25.653503],[119.15008,25.668399],[119.143207,25.674522],[119.139437,25.689055],[119.146268,25.691302],[119.146943,25.697374],[119.156178,25.696604],[119.158045,25.702379],[119.147438,25.719188],[119.139673,25.721405],[119.139074,25.726947],[119.144626,25.732299],[119.15427,25.733031],[119.1537,25.740985],[119.158646,25.751093],[119.145071,25.752782],[119.139291,25.757233],[119.112005,25.757173],[119.104939,25.753816],[119.101107,25.756237],[119.083217,25.75347],[119.079204,25.756796],[119.072031,25.75608]]],"350304":[[[119.028011,25.339539],[119.035261,25.339351],[119.031923,25.329501],[119.035458,25.321998],[119.049299,25.339689],[119.046437,25.345393],[119.056814,25.347199],[119.066251,25.364892],[119.079457,25.366692],[119.086498,25.360667],[119.102556,25.362454],[119.12251,25.349812],[119.125749,25.341634],[119.146731,25.337138],[119.175441,25.307923],[119.176543,25.297564],[119.187451,25.302377],[119.19744,25.298878],[119.234208,25.301657],[119.247523,25.324507],[119.244787,25.38562],[119.247068,25.394032],[119.258667,25.40729],[119.253161,25.459734],[119.233343,25.469421],[119.225506,25.477657],[119.218629,25.477367],[119.218197,25.472553],[119.211976,25.47016],[119.188122,25.46814],[119.176044,25.460357],[119.174896,25.454832],[119.159514,25.447209],[119.144393,25.416182],[119.138184,25.412314],[119.130656,25.414709],[119.122527,25.430779],[119.111963,25.423772],[119.092273,25.423349],[119.092715,25.437697],[119.081689,25.442104],[119.079268,25.449026],[119.079223,25.457068],[119.086393,25.46689],[119.079537,25.475853],[119.086353,25.479457],[119.084497,25.492153],[119.087182,25.494723],[119.075299,25.520477],[119.065675,25.532511],[119.063065,25.562318],[119.030834,25.561734],[119.018597,25.544926],[119.010128,25.551819],[118.999558,25.546564],[118.996035,25.548235],[118.989498,25.530487],[118.993396,25.522162],[118.989133,25.511863],[119.011036,25.504429],[119.014081,25.495258],[119.02303,25.490371],[119.029462,25.476457],[119.023862,25.462539],[119.016913,25.463927],[119.019586,25.452806],[119.014955,25.438014],[119.01662,25.434556],[119.026732,25.433736],[119.038603,25.419432],[119.031733,25.420289],[119.02623,25.413179],[119.022373,25.421396],[119.020081,25.413078],[119.012921,25.407338],[119.004132,25.408401],[118.99513,25.39597],[118.993809,25.383222],[118.981673,25.371373],[118.989779,25.353552],[119.007306,25.354842],[119.011211,25.345525],[119.028011,25.339539]]],