{"360202":[[[117.221603,29.342161],[117.212891,29.354898],[117.205167,29.355379],[117.194343,29.329422],[117.180808,29.329709],[117.174593,29.317678],[117.165227,29.312166],[117.158766,29.310791],[117.140679,29.314526],[117.118736,29.293907],[117.1093,29.289293],[117.102455,29.289938],[117.099919,29.305714],[117.085854,29.315569],[117.084643,29.312801],[117.06736,29.312223],[117.060152,29.308222],[117.049178,29.309619],[117.040246,29.297075],[117.034004,29.293961],[117.030055,29.284583],[117.020122,29.291104],[117.013362,29.287815],[117.019038,29.268213],[117.026905,29.259278],[117.019464,29.248517],[117.023269,29.235309],[117.016642,29.231696],[117.028228,29.206562],[117.029567,29.195707],[117.03602,29.191647],[117.039228,29.18391],[117.035959,29.170905],[117.065091,29.155252],[117.075716,29.142003],[117.077188,29.133683],[117.089286,29.126059],[117.089729,29.113211],[117.102048,29.114294],[117.109876,29.109693],[117.118242,29.117398],[117.12661,29.11895],[117.126153,29.13021],[117.132955,29.140273],[117.133755,29.15157],[117.156086,29.14572],[117.161482,29.147341],[117.168754,29.142139],[117.180797,29.142669],[117.19255,29.162228],[117.1899,29.168221],[117.194158,29.174509],[117.190667,29.181192],[117.236072,29.215601],[117.242934,29.225043],[117.251523,29.228405],[117.26582,29.224862],[117.279671,29.240319],[117.279589,29.255938],[117.283611,29.265049],[117.277897,29.271263],[117.283615,29.284813],[117.279939,29.294448],[117.284082,29.301009],[117.292164,29.305296],[117.29144,29.313642],[117.283929,29.322525],[117.281527,29.343578],[117.276131,29.346911],[117.266246,29.344658],[117.259702,29.334001],[117.251344,29.331305],[117.21939,29.336077],[117.221603,29.342161]],[[117.254302,29.28934],[117.249026,29.292437],[117.230709,29.292612],[117.231359,29.285356],[117.227266,29.284933],[117.226956,29.278755],[117.213888,29.270732],[117.206115,29.322154],[117.206959,29.314126],[117.218372,29.315838],[117.219176,29.318409],[117.228334,29.31065],[117.228716,29.299852],[117.244811,29.301901],[117.274033,29.314603],[117.274731,29.295349],[117.261869,29.288343],[117.254302,29.28934]]],"360203":[[[117.255968,29.308564],[117.244811,29.301901],[117.228716,29.299852],[117.228334,29.31065],[117.219176,29.318409],[117.218372,29.315838],[117.206959,29.314126],[117.206115,29.322154],[117.213888,29.270732],[117.226956,29.278755],[117.227266,29.284933],[117.231359,29.285356],[117.230709,29.292612],[117.249026,29.292437],[117.261101,29.288193],[117.274731,29.295349],[117.274033,29.314603],[117.255968,29.308564]]],"360222":[[[117.63384,29.506044],[117.659331,29.526063],[117.674043,29.533006],[117.690959,29.534457],[117.705459,29.547798],[117.717085,29.553537],[117.704899,29.560731],[117.69665,29.560234],[117.694214,29.566414],[117.689991,29.567884],[117.689365,29.596106],[117.684856,29.600386],[117.675016,29.599932],[117.668415,29.616441],[117.64863,29.618548],[117.603582,29.588771],[117.596271,29.590033],[117.58857,29.598145],[117.564537,29.595906],[117.560686,29.600101],[117.553186,29.60077],[117.544824,29.609381],[117.542356,29.618253],[117.534607,29.621966],[117.523282,29.634898],[117.523383,29.640575],[117.537588,29.656343],[117.537356,29.663046],[117.528988,29.672781],[117.519618,29.675923],[117.500524,29.667797],[117.479805,29.671339],[117.481444,29.687733],[117.465324,29.692791],[117.457285,29.700566],[117.464346,29.723253],[117.459766,29.73081],[117.466626,29.739372],[117.460568,29.744528],[117.46275,29.753832],[117.455364,29.760632],[117.454284,29.766653],[117.444085,29.765763],[117.436119,29.770882],[117.429202,29.780862],[117.428551,29.789572],[117.419139,29.79669],[117.416069,29.806818],[117.424199,29.81397],[117.424104,29.82533],[117.436438,29.846771],[117.431711,29.855173],[117.417816,29.855545],[117.397136,29.850628],[117.391555,29.830625],[117.378439,29.820119],[117.37103,29.818824],[117.355666,29.831781],[117.355317,29.839698],[117.349554,29.841112],[117.353481,29.849043],[117.345465,29.862497],[117.328167,29.85099],[117.325708,29.844608],[117.311459,29.846201],[117.298208,29.841829],[117.301722,29.832822],[117.297794,29.825596],[117.294743,29.82922],[117.285891,29.830339],[117.275963,29.839685],[117.264718,29.840173],[117.257834,29.843778],[117.250598,29.855426],[117.260912,29.865224],[117.272961,29.887853],[117.272355,29.896192],[117.263415,29.908652],[117.264286,29.914257],[117.255665,29.921106],[117.234849,29.924361],[117.21459,29.937458],[117.205268,29.930894],[117.189377,29.929278],[117.181236,29.924923],[117.16946,29.927189],[117.149802,29.918929],[117.137202,29.9095],[117.132619,29.897185],[117.142125,29.883678],[117.136653,29.869684],[117.11225,29.859571],[117.100808,29.845848],[117.08562,29.842445],[117.078276,29.832206],[117.084132,29.827007],[117.103193,29.820164],[117.116779,29.804672],[117.130404,29.805891],[117.143124,29.786465],[117.140656,29.779463],[117.125334,29.770657],[117.12015,29.761687],[117.112032,29.757622],[117.127795,29.733847],[117.122725,29.716453],[117.119146,29.713254],[117.107106,29.71485],[117.101241,29.711766],[117.096995,29.704246],[117.100781,29.697451],[117.088452,29.684497],[117.093109,29.669656],[117.085885,29.662258],[117.082833,29.649727],[117.079394,29.647469],[117.066411,29.650194],[117.056069,29.635515],[117.05544,29.627616],[117.042555,29.623122],[117.036166,29.609387],[117.047709,29.582274],[117.052613,29.560542],[117.049463,29.551831],[117.060362,29.541883],[117.055136,29.515737],[117.058183,29.50593],[117.053416,29.499298],[117.059259,29.491969],[117.050697,29.475546],[117.053098,29.44899],[117.059369,29.443778],[117.077778,29.440923],[117.079874,29.430252],[117.077134,29.420489],[117.068266,29.419242],[117.074049,29.409986],[117.074886,29.394257],[117.066208,29.397625],[117.056978,29.390439],[117.057026,29.373223],[117.049164,29.371645],[117.044671,29.365208],[117.047263,29.360901],[117.062668,29.354729],[117.064916,29.344288],[117.07993,29.3399],[117.078555,29.333609],[117.085854,29.315569],[117.099919,29.305714],[117.102455,29.289938],[117.1093,29.289293],[117.118736,29.293907],[117.140679,29.314526],[117.158766,29.310791],[117.165227,29.312166],[117.174593,29.317678],[117.180808,29.329709],[117.194343,29.329422],[117.205167,29.355379],[117.210952,29.356023],[117.217459,29.350281],[117.221751,29.342472],[117.21939,29.336077],[117.239748,29.332048],[117.256785,29.331572],[117.266246,29.344658],[117.279896,29.345723],[117.283929,29.322525],[117.29144,29.313642],[117.292164,29.305296],[117.284082,29.301009],[117.279939,29.294448],[117.283615,29.284813],[117.277897,29.271263],[117.283611,29.265049],[117.279145,29.253127],[117.280952,29.244191],[117.268641,29.226767],[117.263523,29.224742],[117.251523,29.228405],[117.242934,29.225043],[117.236072,29.215601],[117.206788,29.193857],[117.22284,29.153291],[117.227198,29.153371],[117.252269,29.177],[117.27125,29.182875],[117.288682,29.201915],[117.30616,29.207572],[117.334246,29.226259],[117.350958,29.217086],[117.34989,29.206463],[117.362614,29.204912],[117.358646,29.197633],[117.379261,29.195632],[117.391205,29.212077],[117.394594,29.223629],[117.392419,29.236833],[117.414453,29.255909],[117.423189,29.252929],[117.434322,29.259187],[117.438538,29.266168],[117.450977,29.270783],[117.461203,29.284083],[117.437128,29.310777],[117.445044,29.325521],[117.472254,29.340619],[117.486632,29.343486],[117.499415,29.355019],[117.493799,29.363828],[117.499118,29.381428],[117.491694,29.406224],[117.516726,29.41049],[117.543934,29.434166],[117.557241,29.458162],[117.574018,29.464699],[117.581631,29.464382],[117.591544,29.477076],[117.604085,29.476652],[117.611987,29.482958],[117.618519,29.496132],[117.63384,29.506044]]],