{"360302":[[[113.881412,27.554782],[113.895684,27.567738],[113.902385,27.568267],[113.910011,27.581767],[113.905332,27.585244],[113.923624,27.596646],[113.941638,27.601241],[113.949353,27.596544],[113.962407,27.600947],[113.974581,27.596921],[113.982386,27.599538],[113.982007,27.612041],[113.978383,27.614999],[113.998694,27.628254],[114.003839,27.639346],[114.016162,27.650958],[114.010717,27.656203],[114.016629,27.658752],[114.016735,27.667367],[114.020776,27.668966],[114.026116,27.686686],[114.025889,27.703909],[114.016051,27.7293],[113.999435,27.719608],[113.979916,27.697552],[113.973124,27.694691],[113.945163,27.690852],[113.937883,27.692585],[113.93603,27.69945],[113.931861,27.699603],[113.9252,27.689566],[113.904464,27.675375],[113.889421,27.674197],[113.878297,27.682031],[113.86632,27.671717],[113.854808,27.670497],[113.835659,27.679104],[113.836521,27.687862],[113.825049,27.691151],[113.818512,27.708876],[113.843109,27.738006],[113.844678,27.74696],[113.814899,27.733579],[113.799476,27.705826],[113.795874,27.681694],[113.803038,27.680773],[113.800571,27.660067],[113.790586,27.6494],[113.78733,27.640757],[113.800338,27.628648],[113.811338,27.624918],[113.829641,27.630878],[113.83592,27.619731],[113.847559,27.612132],[113.851891,27.612841],[113.856345,27.60393],[113.841253,27.593765],[113.855149,27.586144],[113.873361,27.562207],[113.876782,27.55274],[113.881412,27.554782]]],"360313":[[[113.881436,27.408072],[113.888687,27.420431],[113.870078,27.434236],[113.867153,27.440644],[113.853594,27.446603],[113.849528,27.452383],[113.846461,27.474393],[113.869132,27.49868],[113.88297,27.496351],[113.892327,27.52004],[113.877385,27.525239],[113.869488,27.543178],[113.876782,27.55274],[113.873361,27.562207],[113.855149,27.586144],[113.841253,27.593765],[113.856345,27.60393],[113.854357,27.610531],[113.83592,27.619731],[113.829641,27.630878],[113.811338,27.624918],[113.800338,27.628648],[113.78733,27.640757],[113.790586,27.6494],[113.800571,27.660067],[113.803038,27.680773],[113.795874,27.681694],[113.799476,27.705826],[113.814899,27.733579],[113.763167,27.703593],[113.775082,27.742264],[113.769546,27.746563],[113.752252,27.747433],[113.725909,27.739158],[113.698215,27.718575],[113.677235,27.6901],[113.673071,27.675502],[113.621247,27.643997],[113.621768,27.628722],[113.614563,27.609766],[113.615703,27.593886],[113.607628,27.584189],[113.60804,27.572324],[113.602047,27.573416],[113.597675,27.563795],[113.590171,27.559698],[113.586228,27.550791],[113.587229,27.542258],[113.58273,27.541456],[113.59887,27.519887],[113.614879,27.517579],[113.626338,27.531171],[113.634504,27.519798],[113.633366,27.51445],[113.629449,27.513154],[113.628928,27.498052],[113.616233,27.488207],[113.615068,27.477746],[113.589299,27.468227],[113.595,27.461345],[113.59386,27.453565],[113.598341,27.451859],[113.595326,27.4436],[113.601649,27.439025],[113.594779,27.428063],[113.599928,27.421936],[113.599373,27.417488],[113.619156,27.417609],[113.620802,27.40761],[113.626559,27.404138],[113.618624,27.397903],[113.610568,27.396596],[113.602748,27.386655],[113.591083,27.383141],[113.591083,27.37332],[113.595519,27.37116],[113.594103,27.356378],[113.600296,27.348546],[113.613266,27.344564],[113.632629,27.349671],[113.648134,27.34914],[113.658247,27.337722],[113.65648,27.333619],[113.665363,27.325033],[113.674714,27.329712],[113.693075,27.33071],[113.704083,27.336923],[113.710873,27.349012],[113.714896,27.343295],[113.723528,27.341617],[113.743217,27.356181],[113.771021,27.360692],[113.779619,27.355634],[113.784319,27.363764],[113.802023,27.367358],[113.823102,27.361994],[113.826862,27.371779],[113.837382,27.376068],[113.854032,27.367938],[113.869225,27.382059],[113.881436,27.408072]]],"360321":[[[113.968337,27.005858],[113.965335,27.022805],[113.970541,27.036114],[113.973128,27.039585],[113.985862,27.042365],[113.98892,27.051598],[114.004171,27.064089],[114.002263,27.091816],[114.010404,27.101082],[114.021837,27.131505],[114.043976,27.155991],[114.055976,27.163929],[114.082486,27.160399],[114.092523,27.174859],[114.097796,27.196936],[114.104477,27.2033],[114.10086,27.212641],[114.104877,27.218549],[114.119819,27.230013],[114.129212,27.224608],[114.16042,27.245142],[114.164525,27.252032],[114.164386,27.259022],[114.155014,27.271318],[114.156003,27.288102],[114.145363,27.306046],[114.147983,27.317706],[114.14315,27.319398],[114.133997,27.312555],[114.117667,27.317899],[114.116024,27.321881],[114.120356,27.334151],[114.089198,27.33843],[114.078984,27.342815],[114.077514,27.353781],[114.080349,27.357906],[114.061181,27.367872],[114.056021,27.375124],[114.059694,27.38052],[114.04654,27.387033],[114.023705,27.385984],[114.027497,27.397077],[114.032805,27.40141],[114.029546,27.40898],[114.033952,27.412682],[114.038121,27.432307],[114.02553,27.43671],[114.017977,27.43213],[114.011918,27.434902],[113.999407,27.431718],[113.992525,27.434595],[113.975371,27.448338],[113.968128,27.467236],[113.964396,27.467857],[113.936106,27.463201],[113.932092,27.456306],[113.93287,27.432334],[113.920436,27.424899],[113.913879,27.414766],[113.895942,27.410458],[113.888687,27.420431],[113.882397,27.412618],[113.869704,27.386896],[113.87091,27.347471],[113.853251,27.323092],[113.849539,27.322557],[113.848333,27.311414],[113.864326,27.296333],[113.874415,27.302397],[113.880238,27.296871],[113.863435,27.271929],[113.859433,27.255507],[113.86094,27.247196],[113.854168,27.235313],[113.857994,27.227016],[113.829913,27.198341],[113.818646,27.170138],[113.803889,27.161961],[113.783109,27.135014],[113.779893,27.111922],[113.78201,27.098718],[113.789518,27.092436],[113.80481,27.10303],[113.811784,27.101431],[113.819335,27.07357],[113.817975,27.06211],[113.822584,27.054576],[113.819969,27.042256],[113.824699,27.041844],[113.83119,27.047908],[113.836262,27.045235],[113.851526,27.031909],[113.85458,27.017717],[113.861769,27.025944],[113.87031,27.020929],[113.874296,27.022605],[113.876149,27.016379],[113.869274,27.010909],[113.872878,26.998961],[113.884942,26.992498],[113.889432,26.983664],[113.911472,26.967011],[113.918997,26.964429],[113.927942,26.965887],[113.946044,26.99616],[113.954917,27.004243],[113.968337,27.005858]]],