{"360602":[[[117.002151,28.275937],[116.991787,28.273142],[116.983371,28.258847],[116.989767,28.24359],[116.986365,28.213038],[116.99778,28.179877],[117.00032,28.179605],[117.028176,28.185185],[117.039685,28.191931],[117.057329,28.193512],[117.064447,28.19993],[117.073412,28.197192],[117.081397,28.205509],[117.080073,28.212242],[117.09176,28.213231],[117.106619,28.238305],[117.119176,28.232593],[117.127937,28.239517],[117.125637,28.246388],[117.117543,28.249014],[117.117743,28.255481],[117.148847,28.270567],[117.146911,28.280103],[117.136178,28.285083],[117.131816,28.301888],[117.098368,28.308178],[117.083575,28.307107],[117.074407,28.301628],[117.069716,28.294424],[117.069756,28.276495],[117.05366,28.282023],[117.049194,28.287722],[117.038374,28.286631],[117.031012,28.295019],[117.025904,28.286934],[117.019128,28.285139],[117.012324,28.270201],[117.008138,28.276049],[117.002151,28.275937]]],"360622":[[[116.913929,28.522576],[116.9108,28.511851],[116.898443,28.511033],[116.892926,28.517029],[116.885074,28.509424],[116.894686,28.480475],[116.907418,28.466222],[116.894502,28.449196],[116.871724,28.431602],[116.87226,28.423124],[116.882298,28.410091],[116.880637,28.38951],[116.855143,28.381563],[116.832472,28.384282],[116.817201,28.37029],[116.815055,28.364387],[116.802338,28.363642],[116.796642,28.350271],[116.807428,28.330552],[116.804973,28.31486],[116.818736,28.310067],[116.826103,28.296945],[116.821227,28.288234],[116.823084,28.279268],[116.813395,28.275655],[116.820141,28.268936],[116.810573,28.265055],[116.810956,28.257247],[116.808091,28.255536],[116.787952,28.264099],[116.775061,28.26002],[116.757775,28.269383],[116.743306,28.269184],[116.722977,28.255382],[116.715914,28.253797],[116.703666,28.239981],[116.698803,28.227986],[116.701943,28.216473],[116.7125,28.208072],[116.71759,28.206958],[116.729353,28.212207],[116.74097,28.21019],[116.732583,28.192727],[116.733278,28.187868],[116.738419,28.18389],[116.752636,28.186257],[116.757104,28.173841],[116.791832,28.18459],[116.805844,28.17514],[116.819093,28.173157],[116.818396,28.158988],[116.808502,28.153412],[116.802693,28.137124],[116.803169,28.123805],[116.812509,28.116821],[116.813231,28.102336],[116.818549,28.101629],[116.831319,28.111681],[116.840836,28.110349],[116.845266,28.104092],[116.862373,28.097036],[116.865457,28.091584],[116.88796,28.088328],[116.899693,28.073919],[116.920682,28.076728],[116.920791,28.090215],[116.926673,28.102053],[116.932431,28.103007],[116.937586,28.112031],[116.948726,28.112684],[116.957812,28.125031],[116.978846,28.127197],[116.985979,28.141804],[116.985096,28.150943],[116.995607,28.163123],[116.997944,28.181377],[116.986365,28.213038],[116.989767,28.24359],[116.983644,28.26026],[116.993521,28.274122],[117.00734,28.276337],[117.012324,28.270201],[117.019408,28.283252],[117.012779,28.301653],[116.990674,28.305395],[116.975558,28.347949],[116.9886,28.349747],[116.994929,28.358502],[117.005529,28.3644],[117.005869,28.390081],[116.997538,28.400646],[117.005352,28.407973],[116.998215,28.425652],[116.98842,28.432198],[116.989765,28.436104],[117.000709,28.443543],[117.002857,28.459203],[117.01088,28.475778],[117.016222,28.479547],[117.022714,28.475736],[117.026297,28.478059],[117.028653,28.487035],[117.039051,28.497977],[117.048627,28.493985],[117.054622,28.484264],[117.081386,28.478143],[117.089543,28.478309],[117.104497,28.486837],[117.110779,28.486493],[117.117223,28.492037],[117.121822,28.503595],[117.119891,28.524144],[117.147004,28.533328],[117.15846,28.549768],[117.157126,28.557642],[117.161578,28.56937],[117.154544,28.570978],[117.134574,28.585031],[117.124452,28.581658],[117.114363,28.590323],[117.097829,28.59465],[117.098323,28.600617],[117.086285,28.610437],[117.065806,28.612044],[117.048321,28.598619],[117.061006,28.582918],[117.062338,28.561318],[117.040473,28.531535],[117.016086,28.519996],[117.016105,28.508534],[116.998381,28.51717],[116.982394,28.546826],[116.970334,28.542172],[116.97011,28.530279],[116.956963,28.533771],[116.938831,28.527638],[116.930994,28.530479],[116.913929,28.522576]]],