{"370402":[[[117.485049,34.923017],[117.493344,34.906847],[117.49417,34.896045],[117.487743,34.881271],[117.497067,34.86498],[117.492242,34.845681],[117.4766,34.830632],[117.483751,34.821027],[117.475016,34.811492],[117.474607,34.80496],[117.479548,34.790905],[117.487096,34.785415],[117.495439,34.787061],[117.502687,34.785689],[117.5081,34.78046],[117.5201,34.780685],[117.531046,34.786637],[117.559627,34.78683],[117.56396,34.788323],[117.562284,34.805043],[117.567902,34.8098],[117.579944,34.808997],[117.584292,34.812897],[117.590744,34.809629],[117.595005,34.80156],[117.608907,34.800616],[117.606164,34.796997],[117.609326,34.784412],[117.631059,34.778206],[117.654033,34.788576],[117.654088,34.796038],[117.658822,34.79892],[117.659229,34.804285],[117.669001,34.804434],[117.675538,34.809758],[117.681303,34.808849],[117.682355,34.805563],[117.687768,34.807068],[117.696467,34.815768],[117.689376,34.829767],[117.690132,34.835443],[117.699504,34.838179],[117.729743,34.83061],[117.734122,34.835604],[117.757739,34.836145],[117.7654,34.840387],[117.76779,34.856647],[117.759698,34.863122],[117.750824,34.878319],[117.73595,34.883024],[117.720469,34.906589],[117.710978,34.912981],[117.707257,34.934143],[117.710756,34.939662],[117.721304,34.943326],[117.720836,34.9538],[117.731147,34.964825],[117.726421,34.972854],[117.711168,34.969748],[117.70608,34.961384],[117.694534,34.956253],[117.661691,34.952497],[117.653507,34.924308],[117.649859,34.922313],[117.618988,34.925308],[117.616495,34.93134],[117.609259,34.932674],[117.606858,34.950623],[117.598229,34.956376],[117.584157,34.952797],[117.583466,34.957271],[117.578788,34.95695],[117.566475,34.945247],[117.559093,34.94502],[117.545446,34.956022],[117.536942,34.956551],[117.535436,34.949121],[117.513287,34.951853],[117.501245,34.944738],[117.481645,34.938962],[117.486622,34.927859],[117.485049,34.923017]]],"370403":[[[117.357401,34.672977],[117.363269,34.667712],[117.360699,34.659651],[117.373308,34.656485],[117.37569,34.65308],[117.383098,34.628184],[117.390059,34.630773],[117.390666,34.634412],[117.409143,34.634045],[117.410086,34.629603],[117.429115,34.625473],[117.435988,34.627548],[117.443238,34.634998],[117.437919,34.649441],[117.44988,34.660986],[117.450426,34.686367],[117.435733,34.696026],[117.431101,34.704306],[117.448138,34.718008],[117.446553,34.723338],[117.426218,34.731225],[117.42344,34.751262],[117.408221,34.753398],[117.403164,34.758915],[117.407298,34.780098],[117.410582,34.781985],[117.440851,34.790937],[117.445859,34.786313],[117.454691,34.789076],[117.457174,34.784275],[117.462573,34.784637],[117.467286,34.789431],[117.479548,34.790905],[117.475016,34.811492],[117.483751,34.821027],[117.4766,34.830632],[117.492242,34.845681],[117.497067,34.86498],[117.487743,34.881271],[117.49417,34.896045],[117.493344,34.906847],[117.484399,34.921019],[117.486622,34.927859],[117.481645,34.938962],[117.469739,34.937735],[117.468965,34.930866],[117.461198,34.926806],[117.44391,34.923894],[117.427548,34.906954],[117.421245,34.91093],[117.411594,34.905472],[117.404542,34.909851],[117.394331,34.905987],[117.380713,34.91343],[117.381411,34.909204],[117.375184,34.900564],[117.349144,34.894187],[117.338569,34.897136],[117.331372,34.895455],[117.307428,34.87842],[117.296359,34.880767],[117.291951,34.87572],[117.282432,34.874682],[117.267187,34.877346],[117.264254,34.869774],[117.255856,34.868904],[117.256113,34.861228],[117.23473,34.856137],[117.235907,34.849446],[117.226232,34.85048],[117.219539,34.837179],[117.20784,34.836512],[117.198052,34.827744],[117.194993,34.828693],[117.171383,34.792862],[117.19825,34.785444],[117.213927,34.774672],[117.226066,34.756836],[117.243705,34.7476],[117.263676,34.727664],[117.273448,34.734226],[117.287441,34.732013],[117.294581,34.721483],[117.305445,34.724788],[117.320507,34.721838],[117.328697,34.713852],[117.332122,34.701909],[117.342008,34.698372],[117.335717,34.682903],[117.357401,34.672977]]],"370404":[[[117.78469,34.672312],[117.789559,34.664116],[117.8066,34.656263],[117.806073,34.652991],[117.812283,34.652022],[117.819612,34.672721],[117.82995,34.683211],[117.83748,34.710128],[117.838048,34.714863],[117.830808,34.71973],[117.83326,34.727512],[117.830078,34.734448],[117.838437,34.752969],[117.83753,34.759211],[117.826498,34.768563],[117.805739,34.774634],[117.791408,34.785695],[117.792585,34.799274],[117.780908,34.802984],[117.782949,34.807732],[117.805194,34.816077],[117.808973,34.840624],[117.775842,34.851332],[117.76779,34.856647],[117.7654,34.840387],[117.757739,34.836145],[117.734122,34.835604],[117.729743,34.83061],[117.699504,34.838179],[117.690132,34.835443],[117.689376,34.829767],[117.696467,34.815768],[117.687768,34.807068],[117.682355,34.805563],[117.681303,34.808849],[117.675538,34.809758],[117.669001,34.804434],[117.659229,34.804285],[117.658822,34.79892],[117.654088,34.796038],[117.654033,34.788576],[117.631059,34.778206],[117.609326,34.784412],[117.606164,34.796997],[117.608907,34.800616],[117.595005,34.80156],[117.590744,34.809629],[117.584292,34.812897],[117.579944,34.808997],[117.567902,34.8098],[117.562284,34.805043],[117.56396,34.788323],[117.559627,34.78683],[117.531046,34.786637],[117.5201,34.780685],[117.5081,34.78046],[117.502687,34.785689],[117.487096,34.785415],[117.479548,34.790905],[117.467286,34.789431],[117.462573,34.784637],[117.457174,34.784275],[117.454691,34.789076],[117.445859,34.786313],[117.440851,34.790937],[117.42748,34.788631],[117.407298,34.780098],[117.403164,34.758915],[117.408221,34.753398],[117.42344,34.751262],[117.426218,34.731225],[117.446553,34.723338],[117.448138,34.718008],[117.431101,34.704306],[117.435733,34.696026],[117.450426,34.686367],[117.44988,34.660986],[117.437919,34.649441],[117.443238,34.634998],[117.435988,34.627548],[117.429115,34.625473],[117.410086,34.629603],[117.414839,34.616061],[117.404574,34.609982],[117.405591,34.594351],[117.400538,34.593385],[117.400663,34.589215],[117.527148,34.58055],[117.554678,34.581249],[117.560842,34.58571],[117.579936,34.589066],[117.60189,34.58607],[117.605878,34.58782],[117.604835,34.594103],[117.61468,34.604688],[117.616379,34.616068],[117.612947,34.61778],[117.609129,34.635393],[117.600414,34.639584],[117.597569,34.646689],[117.601207,34.651443],[117.613502,34.650376],[117.615802,34.669135],[117.629607,34.669663],[117.629834,34.675703],[117.627889,34.682854],[117.619595,34.690546],[117.600837,34.699441],[117.600156,34.704897],[117.607941,34.707127],[117.642557,34.698824],[117.655679,34.705036],[117.662683,34.72221],[117.682147,34.716983],[117.687141,34.710425],[117.695056,34.710759],[117.696188,34.718526],[117.726492,34.723562],[117.739145,34.715537],[117.753658,34.716342],[117.760718,34.711867],[117.773471,34.709966],[117.78469,34.672312]]],