{"370902":[[[117.11115,36.172915],[117.112134,36.169058],[117.101803,36.16909],[117.088321,36.156176],[117.078788,36.156178],[117.075692,36.14412],[117.100012,36.142564],[117.11071,36.14691],[117.121055,36.146602],[117.128564,36.141256],[117.139877,36.14135],[117.144948,36.145903],[117.155007,36.145748],[117.159681,36.151303],[117.176971,36.152762],[117.181447,36.150142],[117.17779,36.130865],[117.179834,36.124772],[117.197024,36.122762],[117.195537,36.11243],[117.201413,36.098365],[117.24513,36.113428],[117.264194,36.12558],[117.274317,36.138189],[117.273158,36.149734],[117.276228,36.153838],[117.283826,36.154816],[117.299046,36.143462],[117.308118,36.14326],[117.322644,36.164764],[117.340991,36.17159],[117.335861,36.202794],[117.332833,36.204859],[117.305682,36.202678],[117.298177,36.205576],[117.28837,36.216832],[117.274552,36.217564],[117.262144,36.212356],[117.249332,36.222391],[117.244571,36.222505],[117.232921,36.252347],[117.233177,36.258713],[117.23823,36.261878],[117.2287,36.268054],[117.222305,36.268377],[117.2181,36.277532],[117.212121,36.281049],[117.176085,36.295953],[117.172937,36.318906],[117.164969,36.32131],[117.161125,36.33094],[117.14212,36.343852],[117.139721,36.337834],[117.130796,36.344499],[117.100074,36.350297],[117.090773,36.341721],[117.087085,36.328849],[117.082322,36.324681],[117.081712,36.304005],[117.066675,36.298625],[117.07541,36.295073],[117.081406,36.298024],[117.086582,36.294255],[117.08508,36.288457],[117.09895,36.279308],[117.101048,36.270997],[117.110148,36.261212],[117.109462,36.257667],[117.092238,36.251198],[117.090843,36.237027],[117.095192,36.233488],[117.094092,36.229205],[117.088641,36.222566],[117.082919,36.220992],[117.07668,36.206456],[117.081328,36.200904],[117.082084,36.188766],[117.108062,36.185611],[117.11115,36.172915]]],"370911":[[[117.124351,36.145639],[117.11071,36.14691],[117.100012,36.142564],[117.075692,36.14412],[117.078788,36.156178],[117.088321,36.156176],[117.101803,36.16909],[117.112134,36.169058],[117.107793,36.177301],[117.108062,36.185611],[117.082084,36.188766],[117.081328,36.200904],[117.07668,36.206456],[117.082919,36.220992],[117.088641,36.222566],[117.094092,36.229205],[117.095192,36.233488],[117.090843,36.237027],[117.092238,36.251198],[117.109462,36.257667],[117.110148,36.261212],[117.101048,36.270997],[117.09895,36.279308],[117.08508,36.288457],[117.086582,36.294255],[117.081406,36.298024],[117.07541,36.295073],[117.066675,36.298625],[117.054037,36.289207],[117.037869,36.286472],[117.032409,36.275718],[117.012217,36.271671],[116.999325,36.257324],[116.984161,36.250641],[116.977019,36.252507],[116.963209,36.264042],[116.946226,36.263708],[116.925709,36.272921],[116.909688,36.264407],[116.89722,36.262724],[116.901819,36.247922],[116.889691,36.239118],[116.874884,36.212877],[116.858821,36.200904],[116.853389,36.192882],[116.854468,36.188012],[116.863441,36.181772],[116.86288,36.17232],[116.869373,36.161661],[116.870976,36.143148],[116.882873,36.143734],[116.872388,36.13191],[116.87839,36.132955],[116.89254,36.126425],[116.904153,36.091783],[116.901718,36.084524],[116.888886,36.077168],[116.880331,36.075755],[116.875369,36.064176],[116.891144,36.067898],[116.90994,36.06645],[116.922169,36.069985],[116.932826,36.064448],[116.936976,36.053972],[116.947753,36.054855],[116.952563,36.058296],[116.977544,36.058677],[116.981233,36.045665],[116.989159,36.044303],[116.993461,36.040273],[116.987071,36.021534],[116.973339,36.015471],[116.965616,36.005922],[116.963595,35.997695],[116.963332,35.992268],[116.971128,35.991051],[116.972719,35.988101],[116.969142,35.980085],[116.973328,35.956434],[117.014897,35.95985],[117.081217,35.944791],[117.101952,35.949663],[117.122414,35.960271],[117.145734,35.956339],[117.159851,35.952666],[117.17195,35.944333],[117.168017,35.920958],[117.185227,35.903624],[117.201257,35.903531],[117.247931,35.882079],[117.256638,35.883511],[117.264331,35.891993],[117.281674,35.885522],[117.293486,35.885947],[117.303149,35.91368],[117.318376,35.92434],[117.335291,35.946946],[117.337162,35.977122],[117.314292,35.996961],[117.333747,36.012993],[117.332776,36.029616],[117.365305,36.040188],[117.380485,36.03742],[117.384921,36.040401],[117.3905,36.038468],[117.40165,36.041897],[117.407137,36.041452],[117.420758,36.02502],[117.424778,36.031346],[117.4427,36.043877],[117.448452,36.052482],[117.45974,36.053536],[117.461076,36.060905],[117.469957,36.062443],[117.461219,36.086295],[117.467964,36.099817],[117.462668,36.106574],[117.455545,36.129612],[117.459378,36.141387],[117.467445,36.146603],[117.46848,36.155345],[117.489656,36.165105],[117.49175,36.170444],[117.457799,36.184867],[117.454597,36.192555],[117.457049,36.207233],[117.454097,36.22428],[117.411266,36.221648],[117.401248,36.226848],[117.403492,36.24214],[117.421703,36.260101],[117.421304,36.274362],[117.405391,36.276924],[117.402718,36.288509],[117.392574,36.295112],[117.388853,36.320519],[117.396124,36.337793],[117.376859,36.361048],[117.360944,36.369574],[117.351037,36.385197],[117.350402,36.391243],[117.357484,36.398534],[117.346874,36.408872],[117.344162,36.42935],[117.337849,36.436663],[117.338107,36.443039],[117.340367,36.452513],[117.349777,36.46486],[117.361899,36.465288],[117.347534,36.476947],[117.33932,36.473206],[117.314815,36.471621],[117.312322,36.478017],[117.297029,36.48256],[117.283993,36.458125],[117.271986,36.456098],[117.25639,36.443686],[117.252119,36.426792],[117.246423,36.418964],[117.216353,36.411719],[117.207131,36.403404],[117.209637,36.396946],[117.192034,36.378687],[117.193646,36.371821],[117.183984,36.362025],[117.176392,36.356275],[117.17077,36.357672],[117.150209,36.35214],[117.14212,36.343852],[117.161125,36.33094],[117.164969,36.32131],[117.172937,36.318906],[117.176085,36.295953],[117.212121,36.281049],[117.2181,36.277532],[117.222305,36.268377],[117.2287,36.268054],[117.23823,36.261878],[117.233177,36.258713],[117.232921,36.252347],[117.244571,36.222505],[117.249332,36.222391],[117.262144,36.212356],[117.274552,36.217564],[117.28837,36.216832],[117.298177,36.205576],[117.305682,36.202678],[117.332833,36.204859],[117.338703,36.197397],[117.340991,36.17159],[117.322644,36.164764],[117.308118,36.14326],[117.299046,36.143462],[117.283826,36.154816],[117.276228,36.153838],[117.273158,36.149734],[117.274317,36.138189],[117.264194,36.12558],[117.24513,36.113428],[117.201413,36.098365],[117.195537,36.11243],[117.197024,36.122762],[117.179834,36.124772],[117.17779,36.130865],[117.1809,36.150951],[117.175919,36.152986],[117.159681,36.151303],[117.155007,36.145748],[117.144948,36.145903],[117.139877,36.14135],[117.128564,36.141256],[117.124351,36.145639]]],