{"371502":[[[115.756583,36.711948],[115.74503,36.704134],[115.758795,36.663483],[115.773187,36.661204],[115.779488,36.655489],[115.764679,36.625146],[115.777593,36.59812],[115.782073,36.581092],[115.7798,36.571217],[115.788922,36.543003],[115.771541,36.525627],[115.730244,36.505268],[115.726486,36.4775],[115.713844,36.456343],[115.693088,36.439855],[115.690941,36.418797],[115.684073,36.408301],[115.685948,36.402382],[115.696936,36.400126],[115.694058,36.388019],[115.700421,36.368336],[115.715733,36.367678],[115.720763,36.364418],[115.720337,36.350159],[115.71221,36.325488],[115.714601,36.322051],[115.723775,36.319786],[115.731601,36.311271],[115.735641,36.287802],[115.762686,36.281732],[115.769051,36.285853],[115.782532,36.275503],[115.808662,36.286712],[115.824366,36.28461],[115.846464,36.290744],[115.855253,36.29835],[115.882115,36.31105],[115.89811,36.303904],[115.909675,36.309723],[115.960368,36.305775],[115.969256,36.30164],[116.001744,36.301424],[116.023507,36.291763],[116.026738,36.278803],[116.033765,36.276447],[116.053509,36.28033],[116.067107,36.286949],[116.085354,36.285984],[116.088149,36.294959],[116.093627,36.299549],[116.103054,36.301311],[116.10842,36.308287],[116.11181,36.318484],[116.109278,36.341777],[116.130938,36.367027],[116.128731,36.381827],[116.160027,36.38596],[116.149133,36.40854],[116.143987,36.41241],[116.132545,36.413643],[116.125911,36.42271],[116.141711,36.447961],[116.133068,36.468297],[116.141542,36.498903],[116.116497,36.503952],[116.109887,36.513285],[116.10009,36.518261],[116.099217,36.521936],[116.109979,36.536656],[116.102019,36.546354],[116.086062,36.545858],[116.073257,36.550534],[116.048815,36.55362],[116.021952,36.550772],[116.014043,36.543279],[116.005352,36.541021],[115.959788,36.546678],[115.961855,36.564869],[115.95739,36.566029],[115.956819,36.573386],[115.941068,36.576429],[115.936977,36.583169],[115.910054,36.589447],[115.907725,36.596696],[115.912288,36.599509],[115.912475,36.604207],[115.926723,36.613225],[115.910581,36.62424],[115.919509,36.650002],[115.916994,36.669948],[115.892967,36.679661],[115.880868,36.696764],[115.874429,36.6967],[115.857655,36.686254],[115.849468,36.696223],[115.804669,36.697172],[115.792817,36.700621],[115.774104,36.714777],[115.763073,36.714898],[115.756583,36.711948]]],"371521":[[[116.006563,36.057024],[116.030863,36.074222],[116.064,36.111153],[116.097,36.118315],[116.106229,36.117689],[116.118963,36.125142],[116.122246,36.132603],[116.091715,36.139708],[116.08235,36.145028],[116.075954,36.160832],[116.0789,36.174153],[116.070985,36.184319],[116.071266,36.195249],[116.059138,36.19792],[116.056132,36.201178],[116.066497,36.216652],[116.076609,36.221993],[116.093124,36.238993],[116.092354,36.265329],[116.085354,36.285984],[116.067107,36.286949],[116.053509,36.28033],[116.033765,36.276447],[116.026738,36.278803],[116.023507,36.291763],[116.001744,36.301424],[115.969256,36.30164],[115.960368,36.305775],[115.909675,36.309723],[115.89811,36.303904],[115.882115,36.31105],[115.855253,36.29835],[115.846464,36.290744],[115.824366,36.28461],[115.808662,36.286712],[115.782532,36.275503],[115.769051,36.285853],[115.762686,36.281732],[115.735641,36.287802],[115.74078,36.282349],[115.744535,36.264945],[115.742557,36.234114],[115.730265,36.216573],[115.718905,36.185629],[115.68593,36.149637],[115.678982,36.131824],[115.672225,36.085447],[115.684291,36.073644],[115.691863,36.053768],[115.689193,36.034306],[115.685068,36.02856],[115.692862,36.000405],[115.673793,35.953123],[115.660806,35.947054],[115.658329,35.935027],[115.674694,35.933167],[115.693615,35.936826],[115.699875,35.939906],[115.705976,35.953199],[115.738899,35.952801],[115.7778,35.966725],[115.790976,35.983071],[115.784829,35.990803],[115.790344,35.993428],[115.794629,35.990972],[115.799035,35.992463],[115.815835,36.014838],[115.843072,36.017212],[115.854862,36.009427],[115.868183,36.008744],[115.874661,36.019868],[115.897121,36.0301],[115.906003,36.032318],[115.92514,36.024876],[115.947368,36.039729],[115.972461,36.047722],[115.996894,36.050538],[116.006563,36.057024]]],"371522":[[[115.506628,36.395562],[115.512395,36.384384],[115.511136,36.380026],[115.49446,36.373691],[115.481205,36.374376],[115.452117,36.385639],[115.427356,36.387194],[115.390095,36.398093],[115.37188,36.389549],[115.358722,36.388339],[115.349643,36.390753],[115.348825,36.388301],[115.350465,36.370935],[115.356226,36.358704],[115.368252,36.351434],[115.381128,36.33409],[115.363629,36.324874],[115.363225,36.315316],[115.376838,36.314095],[115.385038,36.324691],[115.397992,36.324788],[115.410932,36.331356],[115.426062,36.329234],[115.430881,36.321079],[115.434347,36.290179],[115.464968,36.275354],[115.477104,36.265165],[115.484002,36.247965],[115.482389,36.226675],[115.485502,36.207798],[115.482482,36.197579],[115.491835,36.145451],[115.487441,36.11638],[115.464119,36.0729],[115.456347,36.065368],[115.456471,36.029641],[115.45347,36.017432],[115.416682,36.006176],[115.400214,35.995504],[115.393891,35.980173],[115.371172,35.978909],[115.363033,35.959865],[115.35991,35.945128],[115.371566,35.934167],[115.373972,35.927526],[115.371589,35.90245],[115.365128,35.889462],[115.346964,35.873165],[115.345388,35.853687],[115.350604,35.843362],[115.345305,35.833471],[115.340812,35.804341],[115.369789,35.784982],[115.37839,35.796328],[115.384685,35.797264],[115.414079,35.815234],[115.424841,35.831379],[115.435815,35.837976],[115.458511,35.867032],[115.478174,35.873924],[115.4877,35.882092],[115.523426,35.893589],[115.547692,35.897861],[115.600888,35.92831],[115.617457,35.92979],[115.646419,35.924347],[115.654451,35.926581],[115.66042,35.934164],[115.657641,35.940503],[115.660806,35.947054],[115.673793,35.953123],[115.692724,35.999195],[115.685068,36.02856],[115.689193,36.034306],[115.691863,36.053768],[115.684291,36.073644],[115.672015,36.087453],[115.676561,36.100288],[115.678982,36.131824],[115.68593,36.149637],[115.718905,36.185629],[115.743212,36.240283],[115.744535,36.264945],[115.74078,36.282349],[115.735641,36.287802],[115.732161,36.309887],[115.723775,36.319786],[115.714601,36.322051],[115.71221,36.325488],[115.720337,36.350159],[115.720763,36.364418],[115.715733,36.367678],[115.700421,36.368336],[115.694058,36.388019],[115.695738,36.401858],[115.667268,36.403513],[115.654894,36.408156],[115.629584,36.404624],[115.603191,36.406641],[115.593035,36.399897],[115.580795,36.397009],[115.558557,36.401287],[115.53717,36.39644],[115.513209,36.400382],[115.506628,36.395562]],[[115.506625,35.9227],[115.512617,35.923937],[115.514418,35.910699],[115.505309,35.900817],[115.497888,35.903],[115.491419,35.911838],[115.495619,35.917374],[115.506625,35.9227]]],