{"371602":[[[117.81147,37.339244],[117.814045,37.314662],[117.840796,37.314046],[117.840274,37.306203],[117.827233,37.301119],[117.832595,37.284929],[117.840163,37.287996],[117.862986,37.285703],[117.878228,37.28022],[117.895752,37.267735],[117.922586,37.274145],[117.937378,37.280914],[117.95367,37.295418],[117.956815,37.295214],[117.970739,37.277551],[117.99077,37.26948],[117.993425,37.265139],[117.992871,37.230168],[118.001143,37.222691],[118.03097,37.225582],[118.056598,37.234607],[118.073985,37.224138],[118.076392,37.225137],[118.094356,37.240257],[118.096463,37.256004],[118.117256,37.266675],[118.12714,37.267995],[118.131442,37.277283],[118.129751,37.297005],[118.125002,37.308099],[118.106036,37.326601],[118.106967,37.337237],[118.116966,37.346301],[118.112245,37.351614],[118.080547,37.353054],[118.096391,37.363694],[118.134347,37.374689],[118.144588,37.37469],[118.154356,37.369794],[118.166954,37.368675],[118.16259,37.376819],[118.147077,37.385486],[118.143805,37.391123],[118.149274,37.396243],[118.165845,37.39952],[118.16996,37.420967],[118.164996,37.433969],[118.159969,37.439598],[118.134219,37.454097],[118.130834,37.466786],[118.11223,37.473929],[118.122049,37.492229],[118.143702,37.50405],[118.14718,37.52385],[118.180518,37.554426],[118.181596,37.567472],[118.136243,37.566259],[118.133425,37.569118],[118.133814,37.579764],[118.085374,37.570315],[118.058098,37.568652],[118.03082,37.579516],[118.027387,37.600282],[118.005164,37.599961],[117.990785,37.595588],[117.97228,37.604912],[117.968649,37.600117],[117.973038,37.596722],[117.969416,37.592903],[117.973664,37.589848],[117.973288,37.586073],[117.952716,37.574166],[117.91755,37.588065],[117.914779,37.594582],[117.900406,37.592931],[117.888687,37.603162],[117.870716,37.608606],[117.87121,37.588021],[117.875437,37.578887],[117.872205,37.565793],[117.858429,37.562093],[117.826486,37.566648],[117.820095,37.564451],[117.811842,37.550771],[117.811728,37.528838],[117.800367,37.512622],[117.800934,37.506505],[117.807916,37.499499],[117.806347,37.493293],[117.827164,37.474153],[117.823858,37.461524],[117.812187,37.455442],[117.809458,37.446292],[117.816411,37.439302],[117.805641,37.429528],[117.804774,37.426542],[117.810897,37.423762],[117.796226,37.397273],[117.796053,37.386157],[117.810858,37.385477],[117.812468,37.371362],[117.805197,37.359239],[117.810592,37.353767],[117.81147,37.339244]]],"371621":[[[117.446536,37.172485],[117.44861,37.163868],[117.46261,37.142709],[117.459614,37.129256],[117.467445,37.116115],[117.481993,37.127816],[117.524494,37.137668],[117.591362,37.165279],[117.606309,37.208914],[117.630553,37.229392],[117.637307,37.253644],[117.654234,37.272831],[117.663126,37.278156],[117.672738,37.279386],[117.700532,37.264872],[117.727264,37.256903],[117.775412,37.250771],[117.782333,37.251321],[117.806769,37.264639],[117.823121,37.281116],[117.832595,37.284929],[117.827233,37.301119],[117.840274,37.306203],[117.840796,37.314046],[117.814045,37.314662],[117.810592,37.353767],[117.805197,37.359239],[117.812468,37.371362],[117.810858,37.385477],[117.795977,37.386296],[117.796241,37.397395],[117.810897,37.423762],[117.804774,37.426542],[117.805641,37.429528],[117.816411,37.439302],[117.809458,37.446292],[117.812187,37.455442],[117.823858,37.461524],[117.827186,37.470168],[117.826296,37.475502],[117.806347,37.493293],[117.807916,37.499499],[117.80015,37.509413],[117.803678,37.518067],[117.750539,37.516567],[117.738506,37.519982],[117.733599,37.513793],[117.70803,37.506766],[117.706585,37.498127],[117.698129,37.49777],[117.684906,37.487232],[117.671718,37.48221],[117.665175,37.466657],[117.656886,37.464679],[117.640555,37.467805],[117.635568,37.472807],[117.637778,37.503274],[117.635217,37.521275],[117.646858,37.553133],[117.626957,37.571432],[117.595493,37.573773],[117.586478,37.581384],[117.55522,37.566082],[117.547056,37.568746],[117.547781,37.561766],[117.533869,37.543439],[117.52754,37.544614],[117.505382,37.574109],[117.477475,37.572665],[117.45672,37.561024],[117.444081,37.562922],[117.441734,37.558597],[117.425697,37.550632],[117.441112,37.524587],[117.433442,37.511062],[117.426934,37.506402],[117.41773,37.505619],[117.401893,37.511285],[117.396872,37.518336],[117.369385,37.521103],[117.3649,37.52499],[117.36444,37.530873],[117.359544,37.531463],[117.345867,37.524994],[117.341116,37.515001],[117.328105,37.508974],[117.32543,37.495993],[117.320147,37.49131],[117.301964,37.49058],[117.290151,37.486634],[117.289694,37.477196],[117.303482,37.476782],[117.307752,37.472396],[117.305559,37.464079],[117.309988,37.455974],[117.33136,37.455586],[117.344157,37.460289],[117.368589,37.452832],[117.375559,37.437701],[117.376828,37.42509],[117.370289,37.420412],[117.373714,37.411193],[117.360413,37.409309],[117.386198,37.395986],[117.400886,37.391998],[117.40361,37.379994],[117.415397,37.372242],[117.413691,37.357393],[117.420386,37.352387],[117.415659,37.337108],[117.417878,37.317878],[117.426535,37.303374],[117.438156,37.29716],[117.44165,37.289539],[117.434371,37.258408],[117.426685,37.249487],[117.41465,37.246379],[117.404997,37.236584],[117.424493,37.20642],[117.424004,37.194242],[117.440247,37.202287],[117.446536,37.172485]]],"371622":[[[117.352336,37.712661],[117.35316,37.685599],[117.328764,37.678313],[117.322381,37.658891],[117.31124,37.643283],[117.32215,37.635311],[117.325826,37.62702],[117.314195,37.606125],[117.313182,37.59294],[117.30244,37.592997],[117.294979,37.582079],[117.289784,37.580177],[117.289189,37.562454],[117.271,37.545126],[117.27291,37.529888],[117.287243,37.528891],[117.291958,37.514253],[117.308468,37.514983],[117.315408,37.509323],[117.330965,37.509669],[117.341116,37.515001],[117.345867,37.524994],[117.359544,37.531463],[117.36444,37.530873],[117.3649,37.52499],[117.369385,37.521103],[117.396872,37.518336],[117.401893,37.511285],[117.423989,37.505534],[117.433442,37.511062],[117.441112,37.524587],[117.425697,37.550632],[117.441734,37.558597],[117.444081,37.562922],[117.45672,37.561024],[117.477475,37.572665],[117.505382,37.574109],[117.52754,37.544614],[117.533869,37.543439],[117.547781,37.561766],[117.547056,37.568746],[117.55522,37.566082],[117.586478,37.581384],[117.595493,37.573773],[117.626957,37.571432],[117.646858,37.553133],[117.635217,37.521275],[117.637778,37.503274],[117.635783,37.470687],[117.656886,37.464679],[117.666611,37.468086],[117.671718,37.48221],[117.684906,37.487232],[117.698129,37.49777],[117.706585,37.498127],[117.70803,37.506766],[117.733599,37.513793],[117.738506,37.519982],[117.750539,37.516567],[117.803678,37.518067],[117.811728,37.528838],[117.811842,37.550771],[117.820095,37.564451],[117.826486,37.566648],[117.858429,37.562093],[117.870251,37.564337],[117.873666,37.568454],[117.872046,37.604425],[117.861251,37.618766],[117.823903,37.616077],[117.803856,37.630986],[117.792056,37.647376],[117.757728,37.655792],[117.744284,37.671249],[117.749655,37.678774],[117.750696,37.690947],[117.744561,37.702607],[117.724032,37.699477],[117.716109,37.694955],[117.705903,37.695038],[117.68754,37.704867],[117.682004,37.702711],[117.621386,37.710948],[117.610683,37.719101],[117.587052,37.710355],[117.583611,37.715338],[117.560649,37.721849],[117.547827,37.716337],[117.545404,37.703287],[117.541817,37.700332],[117.514648,37.693422],[117.499009,37.685732],[117.488268,37.674153],[117.485689,37.660233],[117.479961,37.658844],[117.472724,37.661302],[117.457746,37.679325],[117.448886,37.680188],[117.445453,37.676064],[117.431615,37.677283],[117.411694,37.685982],[117.407791,37.684072],[117.403053,37.668907],[117.396888,37.670206],[117.393632,37.666363],[117.386896,37.666744],[117.383942,37.660993],[117.377856,37.661108],[117.366354,37.663753],[117.363129,37.676731],[117.3714,37.686834],[117.374097,37.701997],[117.35997,37.712876],[117.352336,37.712661]]],