{"410902":[[[114.930065,35.694855],[114.955303,35.700987],[114.975804,35.69455],[114.990908,35.694863],[115.006535,35.738497],[115.095811,35.732487],[115.10455,35.746929],[115.121149,35.753561],[115.138464,35.772836],[115.175675,35.754042],[115.195064,35.755492],[115.216052,35.76441],[115.230641,35.776839],[115.246759,35.784348],[115.2551,35.791788],[115.254546,35.798406],[115.24959,35.801699],[115.226079,35.799375],[115.220263,35.809297],[115.210613,35.815656],[115.170711,35.805848],[115.151666,35.806251],[115.146297,35.80848],[115.136445,35.820806],[115.11168,35.825145],[115.102748,35.820328],[115.067607,35.825041],[114.972007,35.82318],[114.954057,35.819665],[114.94949,35.799906],[114.929014,35.777032],[114.918753,35.778195],[114.916257,35.771768],[114.901207,35.769713],[114.894824,35.761167],[114.8974,35.742317],[114.913641,35.728823],[114.921761,35.714562],[114.917422,35.702322],[114.924101,35.695574],[114.930065,35.694855]]],"410922":[[[115.384563,36.005656],[115.359889,36.012828],[115.337453,36.013504],[115.323797,36.022224],[115.316713,36.020191],[115.308389,36.002714],[115.300997,35.999838],[115.271565,36.001402],[115.264157,36.011132],[115.256716,36.013832],[115.226429,36.011668],[115.222964,36.006494],[115.232196,35.998872],[115.228388,35.989858],[115.220825,35.987527],[115.20869,35.993321],[115.209707,36.020738],[115.193488,36.017711],[115.182463,36.020491],[115.164248,36.0413],[115.157844,36.043641],[115.132062,36.036561],[115.11525,36.03942],[115.111627,36.043583],[115.115879,36.057805],[115.079561,36.048847],[115.069899,36.053405],[115.052909,36.055865],[115.033896,36.068265],[115.024795,36.086271],[115.017384,36.093261],[115.007695,36.085619],[115.009296,36.080837],[115.015738,36.07926],[115.012747,36.076035],[114.987818,36.073793],[114.971239,36.078079],[114.966057,36.072597],[114.958161,36.074609],[114.925647,36.055956],[114.946841,36.045096],[114.973998,36.039725],[114.98092,36.034846],[114.983618,36.024889],[114.99033,36.019515],[114.993258,35.995467],[114.989878,35.989081],[114.995471,35.972453],[114.978957,35.932417],[114.984778,35.91341],[114.976908,35.888795],[114.965994,35.867045],[114.941272,35.856671],[114.938919,35.835885],[114.953217,35.830165],[114.954057,35.819665],[114.972007,35.82318],[115.067607,35.825041],[115.102748,35.820328],[115.11168,35.825145],[115.136445,35.820806],[115.148492,35.806964],[115.165838,35.805588],[115.2116,35.815545],[115.227797,35.798729],[115.252336,35.800651],[115.255613,35.794077],[115.252752,35.780218],[115.265355,35.778957],[115.283047,35.782576],[115.284749,35.792502],[115.299247,35.799059],[115.303004,35.785598],[115.318936,35.786217],[115.330331,35.792174],[115.341686,35.803219],[115.342336,35.820929],[115.350604,35.843362],[115.345388,35.853687],[115.346964,35.873165],[115.365128,35.889462],[115.371189,35.900148],[115.373618,35.929027],[115.35991,35.945128],[115.369039,35.976545],[115.373662,35.979764],[115.394634,35.980575],[115.402636,35.997227],[115.384563,36.005656]]],"410923":[[[115.416572,36.006001],[115.45347,36.017432],[115.456471,36.029641],[115.456347,36.065368],[115.464119,36.0729],[115.489609,36.122436],[115.490107,36.154717],[115.475069,36.160034],[115.471444,36.174617],[115.467873,36.176655],[115.457558,36.175451],[115.456024,36.156211],[115.439809,36.15626],[115.425848,36.144504],[115.416922,36.145119],[115.412339,36.155583],[115.407068,36.155204],[115.398864,36.134326],[115.383724,36.132595],[115.376701,36.10975],[115.36325,36.099169],[115.350097,36.093909],[115.340097,36.097302],[115.326617,36.093145],[115.312545,36.098429],[115.304559,36.108748],[115.307711,36.135935],[115.282559,36.146357],[115.270089,36.165282],[115.265169,36.180396],[115.248189,36.197523],[115.215592,36.210371],[115.193851,36.20018],[115.174075,36.197158],[115.16331,36.200803],[115.163424,36.206705],[115.157129,36.212513],[115.130266,36.216211],[115.117757,36.207352],[115.110187,36.177615],[115.073486,36.185562],[115.064571,36.179738],[115.053828,36.164437],[115.055972,36.152712],[115.050671,36.132486],[115.055161,36.119354],[115.045293,36.104016],[115.028797,36.095523],[115.021069,36.095883],[115.017384,36.093261],[115.024795,36.086271],[115.033896,36.068265],[115.052909,36.055865],[115.069899,36.053405],[115.079561,36.048847],[115.115879,36.057805],[115.111627,36.043583],[115.11525,36.03942],[115.132062,36.036561],[115.157844,36.043641],[115.164248,36.0413],[115.182463,36.020491],[115.193488,36.017711],[115.209707,36.020738],[115.20869,35.993321],[115.220825,35.987527],[115.228388,35.989858],[115.232196,35.998872],[115.222964,36.006494],[115.226429,36.011668],[115.256716,36.013832],[115.264157,36.011132],[115.271565,36.001402],[115.302097,35.99996],[115.307895,36.002107],[115.315636,36.019045],[115.320483,36.022073],[115.328515,36.021144],[115.337453,36.013504],[115.359889,36.012828],[115.384075,36.006061],[115.402636,35.997227],[115.416572,36.006001]]],"410926":[[[115.381623,35.796371],[115.37839,35.796328],[115.369382,35.782294],[115.352887,35.768051],[115.364772,35.758561],[115.358818,35.719549],[115.36623,35.707471],[115.394722,35.695351],[115.393572,35.691042],[115.386234,35.687851],[115.370542,35.69448],[115.362209,35.689052],[115.371416,35.672343],[115.372223,35.647205],[115.376229,35.642732],[115.383228,35.651942],[115.397271,35.661025],[115.406325,35.64295],[115.430009,35.636848],[115.444926,35.648647],[115.460999,35.669205],[115.467474,35.686653],[115.478424,35.697547],[115.485326,35.710259],[115.513117,35.731302],[115.531787,35.732021],[115.538176,35.73983],[115.570956,35.733916],[115.587745,35.742345],[115.632955,35.748038],[115.648762,35.758752],[115.657346,35.756524],[115.667785,35.761071],[115.701902,35.765476],[115.712375,35.769663],[115.706989,35.811332],[115.713038,35.845229],[115.705992,35.850561],[115.72168,35.871928],[115.708001,35.891305],[115.715679,35.905658],[115.707761,35.912788],[115.691978,35.915029],[115.67666,35.933544],[115.66042,35.934164],[115.654451,35.926581],[115.646419,35.924347],[115.6152,35.929942],[115.59499,35.926539],[115.547692,35.897861],[115.523426,35.893589],[115.489007,35.88261],[115.478174,35.873924],[115.459212,35.867472],[115.435815,35.837976],[115.424841,35.831379],[115.414079,35.815234],[115.381623,35.796371]],[[115.506625,35.9227],[115.495619,35.917374],[115.491419,35.911838],[115.497888,35.903],[115.505309,35.900817],[115.514418,35.910699],[115.512617,35.923937],[115.506625,35.9227]]],"410927":[[[116.116747,36.089027],[116.106229,36.117689],[116.097,36.118315],[116.065138,36.111651],[116.030863,36.074222],[115.996894,36.050538],[115.956756,36.043146],[115.943355,36.037931],[115.92514,36.024876],[115.906003,36.032318],[115.897121,36.0301],[115.874661,36.019868],[115.868183,36.008744],[115.854862,36.009427],[115.843072,36.017212],[115.815835,36.014838],[115.799035,35.992463],[115.794629,35.990972],[115.790344,35.993428],[115.784829,35.990803],[115.790976,35.983071],[115.7778,35.966725],[115.738899,35.952801],[115.705976,35.953199],[115.699875,35.939906],[115.67666,35.933544],[115.691978,35.915029],[115.707761,35.912788],[115.715679,35.905658],[115.708001,35.891305],[115.72168,35.871928],[115.706498,35.849126],[115.713038,35.845229],[115.719422,35.854271],[115.727153,35.854879],[115.737547,35.847016],[115.747964,35.832497],[115.756173,35.830958],[115.765973,35.83531],[115.771884,35.858493],[115.77847,35.863506],[115.811636,35.865551],[115.850494,35.853342],[115.870639,35.861514],[115.88386,35.869767],[115.902932,35.888555],[115.898071,35.894761],[115.874977,35.908152],[115.872985,35.913417],[115.876736,35.922083],[115.883416,35.926756],[115.910825,35.930958],[115.915292,35.934748],[115.91683,35.940436],[115.90996,35.958682],[115.911335,35.964161],[115.923714,35.968823],[115.992325,35.979895],[116.051642,35.974636],[116.057966,35.986526],[116.065114,36.023655],[116.074234,36.046095],[116.115177,36.080676],[116.116747,36.089027]]],