{"411002":[[[113.801526,34.005917],[113.823676,34.006047],[113.830071,33.99754],[113.835381,33.996603],[113.839347,33.999359],[113.842353,34.010513],[113.852685,34.014012],[113.850974,34.01758],[113.863857,34.018155],[113.874034,34.007261],[113.885144,34.009366],[113.894277,34.022537],[113.882382,34.042811],[113.880146,34.065115],[113.868103,34.065431],[113.866426,34.077615],[113.84858,34.079845],[113.841259,34.088933],[113.824585,34.091533],[113.809973,34.099992],[113.793558,34.101459],[113.796772,34.080637],[113.785613,34.069712],[113.779909,34.056527],[113.773731,34.056891],[113.766573,34.050787],[113.764825,34.029909],[113.772169,34.029312],[113.779221,34.037438],[113.789819,34.032208],[113.788512,34.023776],[113.772774,34.021178],[113.76957,34.002827],[113.773112,33.994302],[113.784609,33.992474],[113.796677,33.995416],[113.802019,33.999221],[113.801526,34.005917]]],"411023":[[[113.954249,34.172347],[113.942392,34.161452],[113.930723,34.161425],[113.924276,34.176073],[113.92522,34.178795],[113.933188,34.17993],[113.937636,34.186313],[113.925889,34.187299],[113.923316,34.191088],[113.914379,34.181424],[113.901166,34.185427],[113.890839,34.182357],[113.891854,34.175753],[113.887365,34.169056],[113.879742,34.169349],[113.871327,34.175602],[113.857257,34.17638],[113.841268,34.171541],[113.822224,34.172975],[113.80618,34.169192],[113.798936,34.163944],[113.781794,34.169648],[113.762247,34.165907],[113.754837,34.172845],[113.71843,34.161953],[113.692765,34.162359],[113.68509,34.15112],[113.679422,34.152105],[113.658503,34.167784],[113.654848,34.175906],[113.647858,34.180734],[113.645666,34.16895],[113.624559,34.140084],[113.621953,34.103157],[113.611107,34.084105],[113.620651,34.068115],[113.612161,34.061432],[113.609412,34.053569],[113.597548,34.049934],[113.596526,34.046595],[113.608119,34.032655],[113.603493,34.027861],[113.605096,34.024312],[113.612467,34.021943],[113.623247,34.026516],[113.620637,34.017731],[113.629785,34.002881],[113.631518,33.991166],[113.638722,33.977775],[113.674335,33.962727],[113.691651,33.958922],[113.692315,33.926355],[113.699453,33.919179],[113.704834,33.86133],[113.723718,33.857004],[113.726601,33.871749],[113.732306,33.880346],[113.737091,33.880818],[113.742992,33.874838],[113.763705,33.876184],[113.782918,33.890618],[113.801598,33.885852],[113.81215,33.888452],[113.819266,33.886906],[113.81894,33.880994],[113.866218,33.874828],[113.870446,33.877544],[113.869995,33.901195],[113.8723,33.901632],[113.868484,33.903541],[113.867411,33.929833],[113.871411,33.937302],[113.865629,33.948412],[113.877996,33.952363],[113.905323,33.947836],[113.920289,33.948819],[113.924232,33.950958],[113.928133,33.963467],[113.950791,33.974493],[113.96667,33.988095],[113.986125,33.990241],[114.014427,33.986646],[114.022495,33.990647],[114.047613,33.991015],[114.057755,33.985295],[114.064063,33.970493],[114.075508,33.978896],[114.080273,33.996644],[114.080262,34.013133],[114.067096,34.024968],[114.064677,34.05259],[114.056448,34.063482],[114.053809,34.077171],[114.061093,34.079723],[114.061529,34.083547],[114.054818,34.091418],[114.085035,34.095655],[114.094889,34.100699],[114.09378,34.115101],[114.074644,34.116337],[114.070435,34.121454],[114.083859,34.139522],[114.076486,34.14559],[114.079143,34.15449],[114.053142,34.159719],[114.048813,34.164184],[114.019582,34.173611],[114.018663,34.180203],[114.008125,34.186825],[113.995615,34.180671],[113.990125,34.181565],[113.978219,34.176024],[113.966694,34.176651],[113.954249,34.172347]],[[113.881382,34.053008],[113.882382,34.042811],[113.894277,34.022537],[113.885144,34.009366],[113.874034,34.007261],[113.863857,34.018155],[113.850974,34.01758],[113.852685,34.014012],[113.842353,34.010513],[113.839347,33.999359],[113.835381,33.996603],[113.830071,33.99754],[113.823676,34.006047],[113.801695,34.006275],[113.802019,33.999221],[113.796677,33.995416],[113.784609,33.992474],[113.772234,33.995067],[113.769555,34.005081],[113.772774,34.021178],[113.788512,34.023776],[113.790473,34.029249],[113.787271,34.035602],[113.779221,34.037438],[113.772169,34.029312],[113.76571,34.029213],[113.765292,34.047074],[113.773731,34.056891],[113.779909,34.056527],[113.785613,34.069712],[113.796222,34.07952],[113.793044,34.1013],[113.809973,34.099992],[113.824585,34.091533],[113.841259,34.088933],[113.84858,34.079845],[113.866426,34.077615],[113.868103,34.065431],[113.880146,34.065115],[113.881382,34.053008]]],"411024":[[[114.064063,33.970493],[114.061118,33.962957],[114.063753,33.958925],[114.08759,33.954224],[114.112018,33.943271],[114.113016,33.934771],[114.123261,33.929669],[114.134261,33.909087],[114.130847,33.899056],[114.135537,33.888392],[114.122683,33.880245],[114.121129,33.875923],[114.124409,33.86952],[114.133364,33.866346],[114.152687,33.847445],[114.166391,33.82135],[114.161621,33.815027],[114.165015,33.807006],[114.168768,33.805107],[114.177841,33.80863],[114.181363,33.806591],[114.18348,33.812223],[114.186768,33.804578],[114.19642,33.808246],[114.205044,33.802972],[114.210654,33.806236],[114.224448,33.796151],[114.238451,33.794834],[114.247416,33.798062],[114.258437,33.785345],[114.284841,33.777292],[114.297633,33.777941],[114.316208,33.786322],[114.322805,33.813833],[114.331474,33.821986],[114.331356,33.832799],[114.328761,33.839929],[114.316965,33.848758],[114.313345,33.855832],[114.319483,33.863001],[114.312291,33.89409],[114.306503,33.958696],[114.312653,33.973172],[114.311896,33.992363],[114.307645,34.002591],[114.298247,34.004098],[114.295713,34.008531],[114.294524,34.042121],[114.281463,34.056153],[114.268106,34.102972],[114.278416,34.106791],[114.280918,34.115224],[114.291642,34.126675],[114.294746,34.137742],[114.279946,34.185094],[114.285891,34.233425],[114.271963,34.242419],[114.260334,34.247225],[114.219107,34.247966],[114.210564,34.241023],[114.197504,34.221803],[114.169859,34.220713],[114.162337,34.207797],[114.135756,34.204325],[114.137962,34.194686],[114.146947,34.183979],[114.135444,34.165477],[114.129319,34.165287],[114.113502,34.173098],[114.099118,34.172579],[114.095969,34.170795],[114.098729,34.16176],[114.096486,34.156278],[114.079143,34.15449],[114.076486,34.14559],[114.083859,34.139522],[114.070435,34.121454],[114.074644,34.116337],[114.09378,34.115101],[114.095643,34.103869],[114.094889,34.100699],[114.085035,34.095655],[114.054818,34.091418],[114.061529,34.083547],[114.061093,34.079723],[114.053809,34.077171],[114.056448,34.063482],[114.064677,34.05259],[114.067096,34.024968],[114.080751,34.00988],[114.07656,33.981034],[114.064063,33.970493]]],