{"411102":[[[114.046361,33.544051],[114.051764,33.586178],[114.02151,33.583752],[114.005689,33.587389],[113.996899,33.585209],[113.990447,33.591712],[113.988096,33.586132],[114.000607,33.56907],[113.989682,33.569642],[113.983432,33.561807],[113.977898,33.562977],[113.974714,33.558237],[113.965842,33.565105],[113.974839,33.572201],[113.973954,33.585835],[113.955598,33.587491],[113.950317,33.601901],[113.934932,33.603355],[113.917256,33.61031],[113.911033,33.603538],[113.919603,33.595356],[113.913741,33.591484],[113.909653,33.599745],[113.890039,33.604182],[113.872408,33.615323],[113.863902,33.616836],[113.859911,33.598649],[113.864389,33.590457],[113.864856,33.578558],[113.857885,33.569156],[113.864451,33.556986],[113.864458,33.54554],[113.870754,33.543076],[113.865979,33.538471],[113.871635,33.529268],[113.852145,33.522979],[113.843649,33.511529],[113.834813,33.506743],[113.825434,33.505623],[113.806372,33.509243],[113.799501,33.499245],[113.797696,33.48486],[113.797228,33.465518],[113.801416,33.456096],[113.81254,33.451857],[113.830538,33.465744],[113.841611,33.466904],[113.854039,33.472689],[113.86108,33.482839],[113.86875,33.485036],[113.916364,33.484947],[113.939148,33.471472],[113.951644,33.470894],[113.960228,33.478948],[113.974415,33.483069],[113.975137,33.48794],[113.989848,33.489234],[114.001396,33.506767],[114.005299,33.507221],[114.006812,33.516772],[114.014908,33.514288],[114.019135,33.515929],[114.021329,33.528699],[114.038876,33.528832],[114.045347,33.53514],[114.046361,33.544051]]],"411103":[[[114.098478,33.723814],[114.088233,33.724521],[114.086499,33.729441],[114.068708,33.726526],[114.051567,33.727724],[114.042447,33.738514],[114.022912,33.741421],[114.012922,33.740553],[113.999384,33.727304],[113.991918,33.729025],[113.972704,33.723],[113.951606,33.723333],[113.931861,33.732541],[113.924184,33.744306],[113.916127,33.742487],[113.913151,33.749082],[113.899526,33.755024],[113.886494,33.751118],[113.860418,33.750053],[113.849561,33.760804],[113.840327,33.762795],[113.82625,33.755878],[113.825843,33.74553],[113.821231,33.740308],[113.801569,33.740956],[113.782312,33.736285],[113.767308,33.736472],[113.762683,33.718913],[113.767014,33.712203],[113.769925,33.681114],[113.782044,33.664994],[113.803788,33.651081],[113.802228,33.629018],[113.818998,33.618637],[113.829677,33.604871],[113.834376,33.604634],[113.841501,33.616931],[113.85067,33.614236],[113.868454,33.6171],[113.885805,33.605887],[113.909653,33.599745],[113.913741,33.591484],[113.919603,33.595356],[113.911033,33.603538],[113.917256,33.61031],[113.934932,33.603355],[113.950317,33.601901],[113.955598,33.587491],[113.973954,33.585835],[113.974839,33.572201],[113.965842,33.565105],[113.975241,33.558157],[113.977898,33.562977],[113.983432,33.561807],[113.989682,33.569642],[114.000607,33.56907],[113.988096,33.586132],[113.990447,33.591712],[113.996899,33.585209],[114.005689,33.587389],[114.029556,33.583801],[114.043833,33.586751],[114.074525,33.582154],[114.075427,33.594362],[114.082737,33.600188],[114.095839,33.641832],[114.106676,33.648551],[114.11365,33.66103],[114.1227,33.658275],[114.12269,33.687555],[114.104074,33.696479],[114.098478,33.723814]]],"411104":[[[114.162136,33.672566],[114.158056,33.667616],[114.158412,33.658152],[114.134852,33.66028],[114.1211,33.657849],[114.11365,33.66103],[114.106676,33.648551],[114.095839,33.641832],[114.082737,33.600188],[114.075427,33.594362],[114.074525,33.582154],[114.051764,33.586178],[114.045347,33.53514],[114.057162,33.535569],[114.064728,33.528046],[114.103399,33.514578],[114.11624,33.491467],[114.127451,33.48966],[114.13025,33.482764],[114.137163,33.478168],[114.157171,33.47579],[114.156351,33.46644],[114.165259,33.462387],[114.183419,33.462642],[114.186963,33.459247],[114.186307,33.454204],[114.174628,33.448354],[114.198989,33.429424],[114.203903,33.454705],[114.21656,33.459528],[114.237101,33.457497],[114.256308,33.466208],[114.272876,33.467202],[114.291283,33.478141],[114.290047,33.490045],[114.28582,33.496123],[114.290366,33.506481],[114.286798,33.517583],[114.298589,33.532422],[114.30175,33.560191],[114.298947,33.563429],[114.28764,33.565805],[114.284564,33.576116],[114.275165,33.586173],[114.270207,33.597869],[114.271486,33.603014],[114.285272,33.608852],[114.286429,33.621097],[114.283547,33.627973],[114.269686,33.641074],[114.271076,33.661264],[114.267054,33.669748],[114.26688,33.685364],[114.257266,33.699556],[114.254865,33.711745],[114.225788,33.703834],[114.218855,33.698506],[114.204136,33.697992],[114.192404,33.688367],[114.19274,33.679364],[114.184957,33.677749],[114.180166,33.67122],[114.168257,33.676035],[114.162136,33.672566]]],"411121":[[[113.590545,33.678314],[113.597546,33.66256],[113.617309,33.647748],[113.619945,33.642587],[113.633132,33.635313],[113.634484,33.630578],[113.628783,33.621532],[113.617768,33.623667],[113.611746,33.614131],[113.592552,33.612632],[113.578832,33.597965],[113.559992,33.592137],[113.560756,33.576092],[113.543558,33.537607],[113.541649,33.508284],[113.528781,33.516634],[113.51925,33.510704],[113.513361,33.516286],[113.505684,33.507236],[113.48957,33.506008],[113.485182,33.51014],[113.49087,33.489618],[113.47814,33.468579],[113.481242,33.460464],[113.480333,33.445909],[113.468244,33.440787],[113.470748,33.428847],[113.48139,33.435099],[113.485328,33.428616],[113.509335,33.420943],[113.517195,33.422428],[113.523964,33.413499],[113.527228,33.414743],[113.529555,33.423545],[113.54032,33.425811],[113.547353,33.424594],[113.555389,33.411709],[113.573096,33.413868],[113.595642,33.410428],[113.609395,33.419311],[113.626755,33.414651],[113.62917,33.420315],[113.638546,33.421546],[113.64499,33.427879],[113.651994,33.428773],[113.659263,33.424444],[113.665749,33.430217],[113.676555,33.425995],[113.689535,33.426008],[113.690873,33.416098],[113.695067,33.413303],[113.698485,33.423206],[113.717667,33.421831],[113.72099,33.437473],[113.745592,33.434614],[113.756402,33.43821],[113.773626,33.438382],[113.778224,33.441925],[113.806943,33.440572],[113.81254,33.451857],[113.802847,33.454235],[113.797228,33.465518],[113.798935,33.496797],[113.806372,33.509243],[113.825434,33.505623],[113.834813,33.506743],[113.843649,33.511529],[113.852145,33.522979],[113.871635,33.529268],[113.865979,33.538471],[113.870754,33.543076],[113.864458,33.54554],[113.864451,33.556986],[113.857885,33.569156],[113.864856,33.578558],[113.864389,33.590457],[113.859911,33.598649],[113.863902,33.616836],[113.85067,33.614236],[113.839521,33.616256],[113.835193,33.605496],[113.831234,33.603716],[113.818998,33.618637],[113.805355,33.625576],[113.801688,33.630465],[113.804606,33.649516],[113.79375,33.659549],[113.782044,33.664994],[113.769925,33.681114],[113.767014,33.712203],[113.762683,33.718913],[113.749312,33.719353],[113.748232,33.708525],[113.734432,33.70067],[113.73055,33.701533],[113.722999,33.716367],[113.719522,33.716163],[113.712796,33.698326],[113.708543,33.696891],[113.675856,33.705245],[113.651484,33.702223],[113.645147,33.709748],[113.643805,33.699305],[113.637574,33.695051],[113.625545,33.700502],[113.606298,33.697768],[113.61706,33.715836],[113.593163,33.718608],[113.588065,33.687652],[113.590545,33.678314]]],