{"420702":[[[114.631465,30.353564],[114.603596,30.353551],[114.599661,30.294681],[114.576769,30.279361],[114.572098,30.256778],[114.551085,30.240293],[114.551005,30.224294],[114.544717,30.204133],[114.537797,30.197996],[114.526598,30.194431],[114.526403,30.182219],[114.519625,30.178528],[114.526263,30.167595],[114.514804,30.157276],[114.516778,30.151124],[114.512725,30.136497],[114.518527,30.123003],[114.524952,30.118729],[114.52546,30.106338],[114.54117,30.098271],[114.541347,30.089661],[114.551208,30.083076],[114.551199,30.071204],[114.578828,30.053482],[114.573604,30.046665],[114.576864,30.040918],[114.589974,30.043266],[114.598165,30.055092],[114.607199,30.053125],[114.611201,30.059898],[114.618642,30.060894],[114.640846,30.050429],[114.647002,30.044288],[114.650505,30.025037],[114.665095,30.025488],[114.672342,30.022227],[114.681379,30.028881],[114.694019,30.028362],[114.69788,30.043127],[114.691597,30.048246],[114.698761,30.054798],[114.703996,30.056354],[114.709561,30.047133],[114.726503,30.049144],[114.738166,30.065448],[114.731266,30.070096],[114.725799,30.086316],[114.738302,30.096299],[114.749292,30.092348],[114.737772,30.110698],[114.741684,30.11737],[114.736466,30.128312],[114.724091,30.132869],[114.721931,30.142763],[114.70641,30.151819],[114.709092,30.162916],[114.713948,30.167186],[114.722369,30.168407],[114.718467,30.175893],[114.728465,30.181179],[114.730102,30.18527],[114.720078,30.191243],[114.709306,30.192172],[114.687101,30.209158],[114.683118,30.217527],[114.672447,30.223729],[114.667298,30.255252],[114.679551,30.271352],[114.704639,30.282723],[114.69982,30.306081],[114.731453,30.33539],[114.7313,30.341032],[114.74088,30.345251],[114.735807,30.356012],[114.737024,30.361429],[114.745485,30.368192],[114.736356,30.370522],[114.734837,30.373094],[114.738495,30.37639],[114.733812,30.381264],[114.714979,30.379807],[114.69381,30.388779],[114.688017,30.395418],[114.678959,30.395827],[114.670049,30.390671],[114.675152,30.381276],[114.676052,30.370059],[114.67192,30.365194],[114.662196,30.368309],[114.656587,30.364418],[114.644269,30.366245],[114.631465,30.353564]]],"420703":[[[114.840353,30.506332],[114.846739,30.560067],[114.839369,30.588099],[114.819717,30.61337],[114.80331,30.62031],[114.778706,30.618969],[114.720054,30.587203],[114.665237,30.574067],[114.642503,30.563215],[114.629721,30.563005],[114.63299,30.553688],[114.630032,30.549956],[114.639806,30.54419],[114.63312,30.539339],[114.640223,30.537855],[114.642809,30.529613],[114.644244,30.495059],[114.648684,30.483779],[114.644323,30.478337],[114.634203,30.476001],[114.630918,30.471432],[114.630982,30.460936],[114.620533,30.458405],[114.600705,30.463238],[114.594876,30.461038],[114.595204,30.451469],[114.58926,30.443059],[114.596622,30.431141],[114.599434,30.416632],[114.595403,30.371218],[114.603596,30.353551],[114.632051,30.353603],[114.636435,30.361349],[114.644269,30.366245],[114.656587,30.364418],[114.662196,30.368309],[114.67192,30.365194],[114.676052,30.370059],[114.675152,30.381276],[114.670049,30.390671],[114.678959,30.395827],[114.686644,30.396024],[114.703922,30.38336],[114.72016,30.378969],[114.726835,30.381124],[114.726623,30.390438],[114.731422,30.394888],[114.747931,30.394251],[114.759753,30.388897],[114.767409,30.39366],[114.772178,30.403749],[114.78359,30.398647],[114.80203,30.400713],[114.821219,30.420039],[114.848905,30.425819],[114.862137,30.441928],[114.843613,30.46834],[114.839843,30.484751],[114.840353,30.506332]]],"420704":[[[114.862137,30.441928],[114.848905,30.425819],[114.821219,30.420039],[114.80203,30.400713],[114.78359,30.398647],[114.772178,30.403749],[114.767409,30.39366],[114.759753,30.388897],[114.747931,30.394251],[114.728596,30.393264],[114.725898,30.38223],[114.733812,30.381264],[114.738495,30.37639],[114.734837,30.373094],[114.736356,30.370522],[114.745485,30.368192],[114.737024,30.361429],[114.735807,30.356012],[114.74088,30.345251],[114.730814,30.338605],[114.731453,30.33539],[114.737254,30.335069],[114.735441,30.319202],[114.743401,30.309034],[114.789182,30.29805],[114.795671,30.300078],[114.792687,30.306932],[114.796494,30.316034],[114.808178,30.313459],[114.827071,30.321694],[114.838808,30.320182],[114.84396,30.315502],[114.84388,30.295432],[114.855236,30.287604],[114.867658,30.287929],[114.873562,30.284111],[114.874732,30.273241],[114.870609,30.274784],[114.872037,30.268693],[114.867482,30.264011],[114.878421,30.243519],[114.901968,30.235684],[114.907489,30.237636],[114.923105,30.229235],[114.939695,30.224968],[114.961506,30.209769],[114.970176,30.210295],[114.973827,30.217793],[114.981396,30.221721],[114.993149,30.222743],[115.004679,30.217715],[115.008041,30.223507],[115.018129,30.228994],[115.018939,30.241162],[115.026378,30.24622],[115.034554,30.259805],[115.047874,30.260341],[115.053154,30.257692],[115.069825,30.268342],[115.086416,30.267029],[115.097638,30.2983],[115.093677,30.330359],[115.079034,30.376193],[115.062571,30.394709],[115.045983,30.404004],[115.019274,30.41163],[114.958549,30.410574],[114.90094,30.416117],[114.880673,30.425998],[114.862137,30.441928]]]}