{"431302":[[[112.025153,27.856378],[112.022784,27.865139],[112.018462,27.867738],[112.019891,27.881129],[112.007024,27.9089],[111.992496,27.956107],[111.968671,27.97471],[111.963016,27.972061],[111.952168,27.975034],[111.950056,27.966359],[111.943691,27.959405],[111.951436,27.938413],[111.947438,27.929869],[111.949082,27.925341],[111.954129,27.924165],[111.94317,27.898133],[111.942257,27.884034],[111.929486,27.865255],[111.933293,27.861225],[111.944926,27.858793],[111.952148,27.862858],[111.961027,27.860144],[111.967586,27.862441],[111.971248,27.859251],[111.966325,27.854683],[111.970116,27.845392],[111.979258,27.845812],[111.982938,27.840779],[111.979256,27.835369],[111.96246,27.825914],[111.970316,27.817975],[111.96892,27.810189],[111.952186,27.809467],[111.941468,27.815352],[111.927799,27.808714],[111.932676,27.789105],[111.929571,27.786413],[111.924221,27.789557],[111.917206,27.783317],[111.91136,27.771512],[111.915246,27.761232],[111.913534,27.7546],[111.899961,27.752322],[111.911824,27.726917],[111.893433,27.702455],[111.897283,27.700736],[111.914076,27.711358],[111.92722,27.714873],[111.936438,27.706185],[111.95657,27.702419],[111.958019,27.69546],[111.949089,27.686981],[111.945258,27.667879],[111.948192,27.664476],[111.956628,27.664842],[111.969199,27.653834],[111.96817,27.644548],[111.960245,27.638551],[111.962656,27.630212],[111.969284,27.626519],[111.975502,27.615345],[111.98475,27.617476],[111.990794,27.61076],[112.004214,27.610817],[112.013913,27.602579],[112.02368,27.603379],[112.032836,27.599305],[112.042467,27.605348],[112.0461,27.616269],[112.038842,27.629204],[112.056143,27.631911],[112.051558,27.637291],[112.052273,27.646321],[112.07947,27.647843],[112.088396,27.652334],[112.085819,27.658944],[112.075722,27.667702],[112.0814,27.675131],[112.080707,27.679955],[112.053092,27.683742],[112.048444,27.719264],[112.055518,27.72489],[112.096839,27.724724],[112.097506,27.730083],[112.09124,27.740167],[112.097864,27.748525],[112.106096,27.748627],[112.109502,27.73897],[112.107881,27.728831],[112.114458,27.725498],[112.132569,27.752629],[112.122864,27.758331],[112.107692,27.77547],[112.110886,27.807158],[112.101648,27.817296],[112.096351,27.819647],[112.081203,27.810839],[112.068641,27.815008],[112.060712,27.810602],[112.058801,27.820601],[112.049678,27.8308],[112.047189,27.842498],[112.036685,27.845366],[112.031687,27.836116],[112.022941,27.839681],[112.02049,27.850973],[112.025153,27.856378]]],"431321":[[[111.941107,27.390706],[111.944971,27.389457],[111.950215,27.371073],[111.9745,27.365948],[111.98427,27.355641],[111.983305,27.351206],[111.997548,27.349502],[111.994007,27.333601],[112.003093,27.326144],[112.02746,27.322194],[112.028887,27.308169],[112.033836,27.301992],[112.042425,27.302453],[112.046989,27.295585],[112.059288,27.298076],[112.070504,27.291286],[112.074546,27.250287],[112.067993,27.239722],[112.082283,27.2145],[112.093334,27.211719],[112.099752,27.214693],[112.107254,27.213449],[112.110225,27.21863],[112.116216,27.218046],[112.119424,27.229313],[112.134552,27.226847],[112.133992,27.235111],[112.139723,27.240336],[112.144881,27.243737],[112.15828,27.244912],[112.165446,27.253053],[112.157631,27.258249],[112.155727,27.263759],[112.156546,27.271648],[112.168626,27.28407],[112.159218,27.311794],[112.170515,27.331303],[112.180545,27.326522],[112.188863,27.317328],[112.197669,27.318087],[112.198782,27.305141],[112.210925,27.299806],[112.220421,27.27396],[112.231969,27.266708],[112.245739,27.278117],[112.242791,27.28577],[112.244868,27.295276],[112.249821,27.299698],[112.258735,27.301069],[112.26047,27.316095],[112.267763,27.313717],[112.285299,27.320665],[112.293101,27.334028],[112.288115,27.34536],[112.298595,27.355726],[112.300369,27.363563],[112.313482,27.367046],[112.320843,27.37342],[112.326291,27.369858],[112.335535,27.376765],[112.346755,27.371499],[112.356884,27.372099],[112.363654,27.368882],[112.373594,27.373182],[112.374173,27.36232],[112.415047,27.367433],[112.437352,27.360649],[112.443447,27.350797],[112.457927,27.356539],[112.461972,27.353834],[112.46115,27.362831],[112.467244,27.363769],[112.475907,27.378134],[112.490416,27.367041],[112.494162,27.367561],[112.495338,27.37751],[112.507418,27.38352],[112.499154,27.405869],[112.506035,27.403995],[112.512577,27.410999],[112.519377,27.408904],[112.51304,27.420984],[112.528935,27.42634],[112.530658,27.431716],[112.506658,27.454485],[112.497081,27.459052],[112.479382,27.460282],[112.468688,27.475575],[112.470578,27.493594],[112.461442,27.500507],[112.436719,27.504375],[112.442763,27.520557],[112.433553,27.532374],[112.423326,27.533808],[112.414595,27.530902],[112.412985,27.524146],[112.405225,27.517156],[112.40772,27.509976],[112.398263,27.506376],[112.399132,27.498625],[112.380341,27.49227],[112.373684,27.486605],[112.360884,27.489279],[112.363907,27.496863],[112.356316,27.494782],[112.350478,27.501179],[112.341126,27.501546],[112.331544,27.49469],[112.327404,27.501803],[112.315056,27.49849],[112.311711,27.508186],[112.307347,27.510097],[112.312298,27.53809],[112.328075,27.561719],[112.342615,27.576546],[112.341683,27.584707],[112.34474,27.58843],[112.335021,27.615592],[112.32976,27.614165],[112.323926,27.623851],[112.30978,27.623232],[112.306862,27.627044],[112.301881,27.627141],[112.296786,27.634699],[112.28825,27.637434],[112.286914,27.645149],[112.30433,27.658216],[112.309824,27.651789],[112.322697,27.65215],[112.322871,27.665577],[112.318499,27.671639],[112.322181,27.673884],[112.327571,27.67156],[112.332787,27.675477],[112.332173,27.689997],[112.330275,27.692248],[112.318623,27.691384],[112.302815,27.711157],[112.299663,27.711523],[112.296922,27.70697],[112.282152,27.705803],[112.271264,27.709988],[112.26154,27.709335],[112.253055,27.715262],[112.244448,27.692415],[112.233672,27.689954],[112.22663,27.676263],[112.221871,27.682778],[112.218424,27.682401],[112.207355,27.66336],[112.186789,27.659155],[112.170695,27.668374],[112.1517,27.668418],[112.145909,27.671929],[112.131398,27.648544],[112.117223,27.660525],[112.110875,27.660042],[112.095987,27.645006],[112.080156,27.648005],[112.052273,27.646321],[112.051558,27.637291],[112.056143,27.631911],[112.038842,27.629204],[112.0461,27.616269],[112.042467,27.605348],[112.035275,27.60006],[112.013913,27.602579],[112.006044,27.61013],[111.994691,27.6105],[112.003473,27.601473],[112.004088,27.590274],[112.010964,27.583651],[111.995633,27.570557],[111.991459,27.55892],[112.014835,27.544305],[112.035253,27.541628],[112.042456,27.537509],[112.043832,27.534843],[112.033943,27.528122],[112.034555,27.523316],[112.016513,27.51491],[111.999171,27.519294],[111.965002,27.511927],[111.95551,27.508243],[111.952793,27.495684],[111.93394,27.481746],[111.919548,27.475251],[111.902199,27.474237],[111.887901,27.467041],[111.877498,27.4666],[111.877035,27.455955],[111.891007,27.44694],[111.904802,27.421563],[111.916571,27.413091],[111.911616,27.400097],[111.941107,27.390706]]],