{"441702":[[[111.881536,21.510848],[112.194562,21.513408],[112.218351,21.51721],[112.239143,21.530704],[112.252228,21.547407],[112.257616,21.600392],[112.25294,21.629424],[112.163737,21.689616],[112.100799,21.715333],[112.067207,21.734341],[112.04629,21.769404],[112.03736,21.776897],[112.037413,21.788431],[112.028723,21.795004],[112.032769,21.812708],[112.030893,21.817767],[112.011805,21.835329],[112.011212,21.847419],[112.010553,21.881585],[112.011812,21.887819],[112.020958,21.895379],[112.017418,21.903031],[112.027122,21.909929],[112.028372,21.919672],[112.045806,21.925323],[112.036281,21.948794],[112.03992,21.960482],[112.030633,21.967149],[112.022156,21.963568],[112.018189,21.952208],[112.014021,21.949479],[112.005874,21.948079],[112.003397,21.951743],[111.99407,21.945947],[111.995767,21.941075],[111.988012,21.937801],[111.984543,21.930735],[111.974301,21.929074],[111.971892,21.921816],[111.958398,21.917272],[111.947234,21.918406],[111.93259,21.912411],[111.927133,21.920667],[111.905933,21.924179],[111.90808,21.911281],[111.917007,21.908456],[111.915955,21.897707],[111.910606,21.888371],[111.915918,21.874843],[111.911774,21.866718],[111.912382,21.846246],[111.921901,21.833875],[111.912128,21.825644],[111.905279,21.824403],[111.884831,21.828149],[111.8634,21.823453],[111.852804,21.828063],[111.847492,21.822333],[111.839093,21.822024],[111.82987,21.826997],[111.825591,21.815841],[111.818041,21.810439],[111.811669,21.790489],[111.800654,21.774004],[111.798628,21.736647],[111.804064,21.723816],[111.820894,21.706073],[111.825512,21.690547],[111.820708,21.615849],[111.809886,21.594151],[111.770785,21.561731],[111.761052,21.541559],[111.780951,21.525414],[111.808567,21.515575],[111.881536,21.510848]]],"441721":[[[111.427038,21.843594],[111.429229,21.818651],[111.419803,21.81179],[111.407265,21.810383],[111.409332,21.806163],[111.397838,21.79087],[111.383453,21.779428],[111.386779,21.768892],[111.393796,21.763258],[111.389442,21.753662],[111.390304,21.740258],[111.401984,21.733273],[111.410471,21.734312],[111.415432,21.728237],[111.421279,21.730492],[111.440053,21.723546],[111.446407,21.705006],[111.447048,21.69928],[111.436255,21.683823],[111.437673,21.676251],[111.430507,21.668321],[111.428439,21.655134],[111.422195,21.645693],[111.425684,21.625766],[111.434613,21.620067],[111.423317,21.60313],[111.43023,21.595679],[111.427376,21.581918],[111.440466,21.580289],[111.448021,21.575435],[111.455992,21.561812],[111.456231,21.549411],[111.465635,21.533142],[111.450585,21.521066],[111.439217,21.477557],[111.456453,21.472448],[111.477886,21.475395],[111.493233,21.486128],[111.507099,21.503623],[111.514009,21.506556],[111.699303,21.508043],[111.747803,21.52435],[111.758603,21.532623],[111.764831,21.554433],[111.809886,21.594151],[111.820708,21.615849],[111.826612,21.67726],[111.824809,21.695802],[111.820894,21.706073],[111.800245,21.731977],[111.797796,21.756145],[111.800654,21.774004],[111.828618,21.825977],[111.814513,21.833228],[111.809853,21.843994],[111.80158,21.843872],[111.801465,21.850416],[111.793602,21.858376],[111.780933,21.854688],[111.76744,21.868283],[111.762396,21.867139],[111.757752,21.878108],[111.746452,21.890629],[111.740851,21.90547],[111.731506,21.903508],[111.719232,21.908365],[111.707317,21.904374],[111.702597,21.909255],[111.695228,21.903594],[111.686408,21.905154],[111.682115,21.895545],[111.675136,21.89261],[111.661156,21.895056],[111.647139,21.903392],[111.64589,21.908183],[111.617861,21.914336],[111.601639,21.910956],[111.583944,21.897929],[111.582823,21.887134],[111.571006,21.880435],[111.54198,21.877215],[111.524745,21.88375],[111.51039,21.875641],[111.478027,21.867904],[111.468227,21.857508],[111.448189,21.853641],[111.442169,21.847182],[111.426382,21.846916],[111.427038,21.843594]]],"441723":[[[111.951519,22.25624],[111.954787,22.249221],[111.953662,22.212171],[111.959138,22.196757],[111.952711,22.175321],[111.947568,22.171823],[111.937542,22.174322],[111.92912,22.163318],[111.906378,22.15169],[111.899168,22.136283],[111.884562,22.124468],[111.888245,22.113342],[111.88822,22.088167],[111.875671,22.084963],[111.870338,22.075903],[111.864375,22.074672],[111.860904,22.066515],[111.848605,22.060906],[111.837868,22.044647],[111.815542,22.03136],[111.809813,22.034704],[111.810985,22.043511],[111.804635,22.048767],[111.799133,22.048885],[111.791626,22.040807],[111.794108,22.035088],[111.80371,22.033276],[111.799673,22.024448],[111.791114,22.018084],[111.792973,22.009691],[111.779438,22.01333],[111.774707,22.009738],[111.7884,21.994015],[111.80313,21.986832],[111.807799,21.96591],[111.803289,21.96013],[111.804098,21.954414],[111.773757,21.955391],[111.759347,21.947623],[111.747597,21.948782],[111.741615,21.940865],[111.73462,21.939984],[111.725161,21.91445],[111.719232,21.908365],[111.731506,21.903508],[111.740851,21.90547],[111.746452,21.890629],[111.757752,21.878108],[111.762396,21.867139],[111.76744,21.868283],[111.780933,21.854688],[111.793602,21.858376],[111.801465,21.850416],[111.80158,21.843872],[111.809853,21.843994],[111.814513,21.833228],[111.825587,21.826682],[111.83208,21.826745],[111.839093,21.822024],[111.847492,21.822333],[111.852804,21.828063],[111.8634,21.823453],[111.884831,21.828149],[111.912128,21.825644],[111.922431,21.835547],[111.912382,21.846246],[111.911774,21.866718],[111.915918,21.874843],[111.910606,21.888371],[111.915955,21.897707],[111.917007,21.908456],[111.90808,21.911281],[111.905933,21.924179],[111.927133,21.920667],[111.93259,21.912411],[111.947234,21.918406],[111.958398,21.917272],[111.971892,21.921816],[111.974301,21.929074],[111.984543,21.930735],[111.988012,21.937801],[111.995767,21.941075],[111.99407,21.945947],[112.003397,21.951743],[112.005874,21.948079],[112.014021,21.949479],[112.018189,21.952208],[112.022156,21.963568],[112.030633,21.967149],[112.03992,21.960482],[112.036281,21.948794],[112.045806,21.925323],[112.028372,21.919672],[112.027122,21.909929],[112.017418,21.903031],[112.020958,21.895379],[112.01151,21.887398],[112.011805,21.835329],[112.030893,21.817767],[112.029385,21.792552],[112.035952,21.790859],[112.03736,21.776897],[112.04629,21.769404],[112.062702,21.739717],[112.092597,21.719366],[112.169915,21.686054],[112.25294,21.629424],[112.257616,21.600392],[112.254956,21.569273],[112.259686,21.560471],[112.272934,21.553089],[112.323059,21.55422],[112.316584,21.626334],[112.314734,21.707312],[112.312407,21.716105],[112.303056,21.722918],[112.299668,21.733942],[112.301498,21.740447],[112.320064,21.757001],[112.334773,21.776538],[112.345025,21.782795],[112.345208,21.790689],[112.333359,21.796985],[112.333056,21.803988],[112.337474,21.809288],[112.346361,21.809399],[112.348862,21.818716],[112.344055,21.824804],[112.345087,21.830201],[112.362482,21.843235],[112.369525,21.863632],[112.375932,21.868299],[112.351287,21.887047],[112.350946,21.907819],[112.357178,21.920638],[112.346545,21.941812],[112.347689,21.963747],[112.335082,21.967474],[112.324707,21.980352],[112.30696,21.990923],[112.291962,21.995619],[112.280376,21.990673],[112.279691,21.998396],[112.270503,22.001259],[112.264347,22.009228],[112.247014,22.01236],[112.241992,22.018319],[112.237695,22.017079],[112.223593,22.040588],[112.223948,22.047199],[112.23689,22.05796],[112.231364,22.071541],[112.219635,22.075636],[112.203815,22.070804],[112.193182,22.073438],[112.185054,22.083658],[112.177494,22.082601],[112.17037,22.086312],[112.169177,22.094701],[112.163082,22.101506],[112.15303,22.095885],[112.151002,22.100656],[112.144232,22.099711],[112.135004,22.104187],[112.125204,22.121922],[112.113736,22.130547],[112.112762,22.141088],[112.10412,22.142189],[112.094013,22.137515],[112.086626,22.139074],[112.075087,22.128491],[112.041833,22.118028],[112.041434,22.125276],[112.035307,22.133437],[112.045371,22.137194],[112.05671,22.148111],[112.043943,22.176996],[112.049335,22.185123],[112.048153,22.193332],[112.058668,22.2008],[112.058119,22.213598],[112.043147,22.219449],[112.043206,22.238171],[112.03107,22.242427],[112.026548,22.249286],