{"445102":[[[116.756444,23.77183],[116.7493,23.763486],[116.740804,23.761057],[116.741698,23.757716],[116.729565,23.745575],[116.720561,23.741385],[116.677501,23.735716],[116.664827,23.729033],[116.655301,23.740389],[116.602582,23.736855],[116.594855,23.735698],[116.587486,23.727339],[116.574814,23.724433],[116.57804,23.716861],[116.597426,23.713135],[116.614314,23.695598],[116.605043,23.681932],[116.617296,23.663746],[116.627626,23.656784],[116.626119,23.63191],[116.632057,23.6324],[116.660783,23.653836],[116.677731,23.649301],[116.692585,23.654031],[116.703306,23.649813],[116.721582,23.659658],[116.749138,23.655891],[116.764631,23.664756],[116.762042,23.673543],[116.764688,23.680326],[116.736119,23.671101],[116.728605,23.676037],[116.729751,23.691619],[116.747617,23.724871],[116.754053,23.746599],[116.764964,23.756294],[116.780264,23.760226],[116.77212,23.772574],[116.764041,23.775232],[116.756444,23.77183]]],"445103":[[[116.631438,23.958055],[116.631486,23.955292],[116.62069,23.956702],[116.613392,23.953767],[116.61362,23.941703],[116.609794,23.936921],[116.61197,23.917501],[116.601536,23.908619],[116.596756,23.90744],[116.578702,23.914014],[116.567441,23.913075],[116.560827,23.899388],[116.54437,23.89208],[116.547044,23.886875],[116.541786,23.879171],[116.527875,23.882431],[116.520338,23.87122],[116.502632,23.87416],[116.505374,23.864624],[116.522931,23.852323],[116.533012,23.835073],[116.52965,23.826146],[116.516963,23.817242],[116.516903,23.804655],[116.51085,23.793953],[116.510893,23.768577],[116.502568,23.758595],[116.491814,23.756953],[116.472403,23.761609],[116.455261,23.776255],[116.427993,23.782179],[116.423393,23.781126],[116.387627,23.745737],[116.374534,23.740004],[116.380455,23.717587],[116.392496,23.720801],[116.411131,23.7006],[116.436539,23.697862],[116.450177,23.675057],[116.455629,23.68335],[116.469934,23.680353],[116.472209,23.678252],[116.469899,23.672347],[116.478572,23.669293],[116.482034,23.660913],[116.49196,23.66291],[116.508244,23.657736],[116.518676,23.658311],[116.518113,23.650722],[116.522442,23.648038],[116.524852,23.636008],[116.533944,23.631333],[116.541545,23.618043],[116.540677,23.611572],[116.535472,23.609375],[116.53707,23.596182],[116.542675,23.596459],[116.540507,23.587535],[116.550912,23.579484],[116.556735,23.579349],[116.559677,23.585178],[116.574817,23.5757],[116.572055,23.565262],[116.575942,23.553551],[116.569876,23.548137],[116.560725,23.54738],[116.561095,23.540125],[116.551483,23.53368],[116.551117,23.509647],[116.561875,23.50137],[116.56906,23.486135],[116.574884,23.486781],[116.587917,23.479401],[116.597248,23.480165],[116.617477,23.470077],[116.626803,23.47249],[116.640616,23.456758],[116.640981,23.448559],[116.636787,23.440913],[116.642556,23.433865],[116.652112,23.432492],[116.662344,23.436741],[116.676441,23.434393],[116.723155,23.469597],[116.713974,23.507997],[116.710262,23.551609],[116.723799,23.557029],[116.724098,23.570955],[116.714156,23.575651],[116.708374,23.582709],[116.721644,23.590836],[116.721376,23.601145],[116.726166,23.604924],[116.745241,23.605738],[116.760109,23.595534],[116.764191,23.583708],[116.771255,23.583084],[116.779619,23.590587],[116.78917,23.585993],[116.803327,23.615198],[116.811845,23.612522],[116.835763,23.617991],[116.83788,23.628158],[116.828222,23.63327],[116.815903,23.65021],[116.815338,23.656516],[116.850345,23.679295],[116.825549,23.687271],[116.813009,23.708426],[116.782149,23.716001],[116.771522,23.736978],[116.780264,23.760226],[116.764964,23.756294],[116.754053,23.746599],[116.747617,23.724871],[116.729751,23.691619],[116.728605,23.676037],[116.733387,23.671628],[116.764688,23.680326],[116.762042,23.673543],[116.764631,23.664756],[116.760745,23.661013],[116.746894,23.655702],[116.721582,23.659658],[116.703306,23.649813],[116.692585,23.654031],[116.677731,23.649301],[116.660783,23.653836],[116.632057,23.6324],[116.626119,23.63191],[116.627626,23.656784],[116.617296,23.663746],[116.605043,23.681932],[116.614314,23.695598],[116.597426,23.713135],[116.57804,23.716861],[116.574814,23.724433],[116.587486,23.727339],[116.594855,23.735698],[116.602582,23.736855],[116.655301,23.740389],[116.660944,23.730458],[116.665833,23.729097],[116.677501,23.735716],[116.709817,23.738673],[116.729565,23.745575],[116.741698,23.757716],[116.7371,23.770612],[116.738831,23.779027],[116.722809,23.80305],[116.750353,23.825493],[116.745427,23.835162],[116.748826,23.846258],[116.751335,23.848943],[116.755267,23.846875],[116.756362,23.854886],[116.763688,23.861367],[116.75812,23.867286],[116.75592,23.87853],[116.764683,23.881381],[116.793602,23.873647],[116.800726,23.876514],[116.803703,23.882539],[116.799578,23.88875],[116.779649,23.901994],[116.770496,23.904989],[116.764221,23.901604],[116.757811,23.906569],[116.76473,23.91343],[116.755954,23.939355],[116.756393,23.948698],[116.748814,23.96123],[116.733685,23.966959],[116.721865,23.999631],[116.711439,23.998814],[116.706999,24.004292],[116.70098,23.996765],[116.693642,23.99495],[116.676294,24.005216],[116.669796,24.000969],[116.653461,24.00028],[116.648837,23.99632],[116.649584,23.984297],[116.645775,23.975744],[116.635381,23.980494],[116.623687,23.972375],[116.622603,23.964349],[116.631438,23.958055]]],