{"445202":[[[116.34716,23.596014],[116.344789,23.589947],[116.328802,23.588096],[116.304853,23.569462],[116.297267,23.545874],[116.284182,23.534656],[116.307364,23.500035],[116.30737,23.495727],[116.292892,23.486575],[116.302796,23.468829],[116.322954,23.460267],[116.330901,23.453259],[116.347771,23.45485],[116.357764,23.459852],[116.358205,23.468067],[116.36506,23.473107],[116.361772,23.479364],[116.370281,23.48215],[116.378233,23.501743],[116.384238,23.502414],[116.384088,23.50688],[116.407483,23.50676],[116.417116,23.519461],[116.421265,23.516526],[116.423996,23.481213],[116.432912,23.474716],[116.437654,23.476568],[116.464109,23.498941],[116.469025,23.512589],[116.4686,23.523416],[116.453618,23.537377],[116.449365,23.553499],[116.427489,23.568174],[116.412891,23.572448],[116.402933,23.570367],[116.398734,23.579018],[116.401876,23.584267],[116.397628,23.595992],[116.381322,23.593394],[116.360306,23.601502],[116.35271,23.601468],[116.34716,23.596014]]],"445203":[[[116.279472,23.756324],[116.256043,23.73662],[116.233875,23.734473],[116.223894,23.72819],[116.224257,23.709493],[116.208683,23.693466],[116.184061,23.689225],[116.182983,23.674929],[116.1948,23.664764],[116.198061,23.646177],[116.186393,23.642614],[116.175921,23.623126],[116.157469,23.620524],[116.138683,23.629292],[116.121455,23.625383],[116.130561,23.61027],[116.123521,23.605597],[116.12143,23.596985],[116.124529,23.590534],[116.113935,23.57231],[116.113712,23.56353],[116.123985,23.546966],[116.142257,23.534919],[116.16964,23.528141],[116.179969,23.517524],[116.189741,23.518865],[116.216402,23.531707],[116.245672,23.523497],[116.267966,23.523729],[116.275541,23.526461],[116.297267,23.545874],[116.30408,23.568691],[116.328802,23.588096],[116.344789,23.589947],[116.35271,23.601468],[116.381322,23.593394],[116.394144,23.596927],[116.399871,23.59251],[116.401876,23.584267],[116.398734,23.579018],[116.402933,23.570367],[116.412891,23.572448],[116.427489,23.568174],[116.449365,23.553499],[116.453618,23.537377],[116.4686,23.523416],[116.469025,23.512589],[116.464109,23.498941],[116.489046,23.506428],[116.49869,23.498893],[116.497588,23.484759],[116.476017,23.458066],[116.475407,23.444368],[116.51866,23.4458],[116.540353,23.438343],[116.555846,23.424627],[116.562547,23.400983],[116.577601,23.385423],[116.588697,23.431084],[116.601421,23.430397],[116.601873,23.443316],[116.585515,23.454424],[116.584093,23.460536],[116.590793,23.473672],[116.599438,23.463005],[116.610995,23.456252],[116.618351,23.440139],[116.627864,23.438543],[116.638801,23.431382],[116.641922,23.432909],[116.636787,23.440913],[116.640981,23.448559],[116.640616,23.456758],[116.626803,23.47249],[116.617477,23.470077],[116.597248,23.480165],[116.587917,23.479401],[116.574884,23.486781],[116.56906,23.486135],[116.561875,23.50137],[116.551117,23.509647],[116.551483,23.53368],[116.561095,23.540125],[116.560725,23.54738],[116.569876,23.548137],[116.575942,23.553551],[116.572055,23.565262],[116.574817,23.5757],[116.559677,23.585178],[116.556735,23.579349],[116.550912,23.579484],[116.540507,23.587535],[116.542675,23.596459],[116.53707,23.596182],[116.535472,23.609375],[116.540677,23.611572],[116.541545,23.618043],[116.533944,23.631333],[116.524852,23.636008],[116.522442,23.648038],[116.518113,23.650722],[116.518676,23.658311],[116.508244,23.657736],[116.49196,23.66291],[116.482034,23.660913],[116.478572,23.669293],[116.469899,23.672347],[116.471592,23.679774],[116.455629,23.68335],[116.450177,23.675057],[116.436539,23.697862],[116.411131,23.7006],[116.392496,23.720801],[116.380455,23.717587],[116.374534,23.740004],[116.361911,23.74841],[116.356351,23.758471],[116.347199,23.760347],[116.341252,23.779066],[116.314493,23.776229],[116.305036,23.766101],[116.291273,23.768754],[116.278279,23.763333],[116.279472,23.756324]]],"445222":[[[116.121455,23.625383],[116.114486,23.633001],[116.105749,23.628218],[116.093272,23.631175],[116.075587,23.647997],[116.055522,23.656036],[116.050038,23.651864],[116.064023,23.644339],[116.065286,23.637548],[116.039595,23.6428],[116.028359,23.650855],[116.009989,23.651298],[115.99889,23.646634],[115.991726,23.654457],[115.964315,23.645762],[115.950986,23.631744],[115.943271,23.632053],[115.93721,23.62716],[115.935142,23.632146],[115.928478,23.631213],[115.919354,23.636162],[115.912087,23.633231],[115.911664,23.627502],[115.906282,23.625128],[115.894509,23.635433],[115.878388,23.641891],[115.870329,23.65101],[115.868486,23.662273],[115.856865,23.662536],[115.851684,23.667947],[115.841072,23.666788],[115.833771,23.653003],[115.828981,23.652514],[115.822519,23.641163],[115.811917,23.635179],[115.815907,23.606011],[115.806201,23.601928],[115.818136,23.591399],[115.82312,23.578732],[115.794088,23.581682],[115.806104,23.56246],[115.794305,23.558397],[115.80133,23.549473],[115.795925,23.525382],[115.78993,23.523968],[115.782492,23.530733],[115.76968,23.528218],[115.758096,23.533197],[115.747935,23.530649],[115.734847,23.53604],[115.733587,23.525541],[115.723998,23.524704],[115.708365,23.540221],[115.701061,23.556355],[115.693769,23.563852],[115.684199,23.559452],[115.683577,23.550669],[115.668417,23.544366],[115.663651,23.530145],[115.648941,23.52926],[115.648109,23.519126],[115.642102,23.520359],[115.62633,23.510278],[115.629662,23.495581],[115.619909,23.477026],[115.630531,23.465416],[115.632414,23.457219],[115.647967,23.44999],[115.659367,23.430945],[115.690886,23.412991],[115.68049,23.40225],[115.681737,23.395197],[115.678205,23.391147],[115.684639,23.386042],[115.680902,23.38182],[115.683816,23.36121],[115.701077,23.36079],[115.706865,23.370299],[115.719385,23.375471],[115.736809,23.375505],[115.746997,23.384777],[115.753705,23.382672],[115.764666,23.38758],[115.784696,23.389646],[115.833555,23.332986],[115.846421,23.333119],[115.864442,23.317254],[115.87932,23.314063],[115.883259,23.332252],[115.891723,23.337153],[115.893165,23.347489],[115.902452,23.353948],[115.90246,23.367887],[115.912689,23.371922],[115.92339,23.368352],[115.930344,23.370615],[115.936229,23.379084],[115.932093,23.38507],[115.939857,23.394157],[115.95887,23.387826],[115.974918,23.37386],[115.985547,23.370029],[116.001171,23.372602],[116.011131,23.387983],[116.03287,23.378356],[116.060571,23.375017],[116.077577,23.384283],[116.092025,23.385896],[116.098956,23.405101],[116.104972,23.403928],[116.109918,23.395713],[116.113646,23.395726],[116.124888,23.413967],[116.126805,23.433848],[116.138675,23.439087],[116.153239,23.434118],[116.157279,23.449704],[116.173784,23.455951],[116.165243,23.466334],[116.166846,23.468951],[116.192285,23.475719],[116.195611,23.491829],[116.178014,23.506621],[116.175537,23.511467],[116.179969,23.517524],[116.172945,23.526205],[116.142257,23.534919],[116.123985,23.546966],[116.11449,23.559777],[116.113935,23.57231],[116.124529,23.590534],[116.12143,23.596985],[116.123521,23.605597],[116.130561,23.61027],[116.121455,23.625383]]],