{"445302":[[[111.984985,22.922856],[111.986211,22.906798],[111.982536,22.901379],[111.971147,22.897077],[111.97252,22.888286],[111.984013,22.882698],[112.004547,22.883637],[112.022122,22.894069],[112.034547,22.893494],[112.039826,22.887988],[112.039705,22.874374],[112.058405,22.881728],[112.068243,22.894662],[112.086032,22.899818],[112.097139,22.8945],[112.108704,22.903475],[112.11306,22.903347],[112.134081,22.88651],[112.160843,22.899239],[112.16977,22.890852],[112.167722,22.852845],[112.162781,22.8335],[112.179086,22.809111],[112.194264,22.80824],[112.220364,22.826],[112.222106,22.83853],[112.226429,22.836551],[112.255467,22.847567],[112.265521,22.840965],[112.267722,22.830133],[112.280705,22.829577],[112.28548,22.834567],[112.289392,22.830649],[112.296843,22.83059],[112.318583,22.839196],[112.316866,22.857257],[112.30516,22.893598],[112.313732,22.90389],[112.317255,22.917595],[112.308092,22.917626],[112.305209,22.921174],[112.291084,22.917113],[112.28594,22.919131],[112.27123,22.913325],[112.265309,22.91924],[112.268924,22.949131],[112.265263,22.953719],[112.271692,22.95619],[112.281547,22.951467],[112.291282,22.955207],[112.2944,22.967883],[112.2855,22.97293],[112.285023,22.978886],[112.294798,22.985945],[112.303177,23.00967],[112.308324,23.014734],[112.294887,23.023582],[112.296929,23.036023],[112.292766,23.051752],[112.302645,23.066464],[112.306935,23.084088],[112.312503,23.086861],[112.317476,23.084081],[112.323271,23.085672],[112.332972,23.098864],[112.333549,23.110485],[112.319005,23.122405],[112.317528,23.128291],[112.289825,23.135932],[112.271679,23.125153],[112.238332,23.119226],[112.215223,23.095853],[112.19752,23.082448],[112.188884,23.079661],[112.171975,23.080997],[112.143052,23.092464],[112.1253,23.089772],[112.111996,23.096514],[112.105973,23.096108],[112.085509,23.083562],[112.071838,23.081795],[112.071263,23.070189],[112.077733,23.061641],[112.07893,23.045329],[112.066876,23.02628],[112.05044,23.034114],[112.046143,23.02877],[112.038131,23.027205],[112.034079,23.0112],[112.024185,23.002413],[112.001384,22.996714],[111.983281,22.987199],[111.989284,22.976153],[111.981618,22.937586],[111.984985,22.922856]]],"445321":[[[112.399033,22.775494],[112.391634,22.782918],[112.390423,22.796066],[112.383746,22.801781],[112.367503,22.794758],[112.361761,22.797719],[112.319253,22.794061],[112.319699,22.79845],[112.327174,22.801683],[112.329703,22.807388],[112.342209,22.814478],[112.328025,22.829686],[112.320574,22.829687],[112.318583,22.839196],[112.296843,22.83059],[112.289392,22.830649],[112.28548,22.834567],[112.280705,22.829577],[112.267722,22.830133],[112.265521,22.840965],[112.255467,22.847567],[112.226429,22.836551],[112.222106,22.83853],[112.219529,22.825252],[112.194264,22.80824],[112.188505,22.806858],[112.180733,22.8102],[112.164172,22.789038],[112.142395,22.792616],[112.131863,22.790453],[112.124566,22.778764],[112.107792,22.772612],[112.098202,22.751398],[112.090552,22.749179],[112.083302,22.738885],[112.076088,22.736939],[112.075622,22.721077],[112.060561,22.705962],[112.05021,22.688188],[112.049954,22.674779],[112.058338,22.667266],[112.049653,22.650084],[112.032791,22.647974],[112.028708,22.659631],[112.016117,22.655273],[112.010348,22.659733],[111.984898,22.650377],[111.972435,22.633833],[111.97471,22.623582],[111.982688,22.611732],[111.994273,22.599567],[112.006446,22.593072],[112.000791,22.575014],[111.99147,22.569066],[111.984664,22.570307],[111.977357,22.55111],[111.994184,22.519199],[111.99684,22.504082],[112.014117,22.480954],[112.036942,22.473131],[112.055548,22.457195],[112.070292,22.452274],[112.089695,22.424109],[112.13435,22.412853],[112.148554,22.42034],[112.15224,22.418807],[112.165705,22.407608],[112.164043,22.401102],[112.1673,22.395409],[112.176902,22.392847],[112.183624,22.384528],[112.190572,22.381916],[112.195748,22.403473],[112.204979,22.405377],[112.203989,22.413765],[112.223342,22.418682],[112.233008,22.414085],[112.249527,22.414684],[112.25059,22.420194],[112.242826,22.436757],[112.269118,22.486461],[112.262099,22.495636],[112.264414,22.50918],[112.295367,22.51951],[112.307114,22.519866],[112.312559,22.537106],[112.309745,22.550639],[112.314754,22.560807],[112.326344,22.561614],[112.349541,22.550449],[112.379936,22.559266],[112.385919,22.571521],[112.383287,22.597057],[112.399043,22.602759],[112.406392,22.624733],[112.419803,22.626572],[112.421508,22.631237],[112.415402,22.641873],[112.422939,22.655812],[112.438631,22.657655],[112.442879,22.627537],[112.449528,22.615626],[112.448611,22.60775],[112.464356,22.604061],[112.472362,22.589773],[112.478825,22.59023],[112.489702,22.597277],[112.495136,22.595965],[112.512223,22.606698],[112.52538,22.610608],[112.52819,22.616205],[112.524766,22.62894],[112.508698,22.646233],[112.508566,22.658932],[112.51207,22.661694],[112.50409,22.665152],[112.499028,22.676646],[112.497901,22.692944],[112.488001,22.699815],[112.484524,22.709613],[112.471702,22.717669],[112.461324,22.714669],[112.453893,22.720552],[112.452588,22.705265],[112.432776,22.675116],[112.422258,22.677529],[112.411189,22.688711],[112.407925,22.695568],[112.414602,22.708271],[112.414436,22.7165],[112.404996,22.727699],[112.397108,22.767312],[112.399033,22.775494]]],