{"450602":[[[108.381441,21.712846],[108.364094,21.714218],[108.341652,21.706714],[108.337521,21.701703],[108.340663,21.685602],[108.351762,21.675175],[108.353671,21.669192],[108.348309,21.640022],[108.332734,21.613066],[108.337921,21.55256],[108.341715,21.590026],[108.358792,21.597459],[108.376063,21.592298],[108.385016,21.603704],[108.398023,21.631665],[108.407541,21.637266],[108.412153,21.63433],[108.398295,21.610111],[108.39395,21.594374],[108.39654,21.585713],[108.393949,21.555014],[108.417766,21.539025],[108.447886,21.537424],[108.481051,21.54269],[108.493372,21.54839],[108.572597,21.596717],[108.590103,21.614535],[108.613828,21.647454],[108.599304,21.671178],[108.6022,21.691823],[108.597016,21.710747],[108.573464,21.727221],[108.561069,21.727894],[108.549584,21.734231],[108.542376,21.733104],[108.528842,21.72041],[108.51687,21.726623],[108.50622,21.727224],[108.496874,21.735121],[108.479754,21.7417],[108.444582,21.741357],[108.418501,21.725513],[108.411848,21.710999],[108.405653,21.707525],[108.394893,21.704764],[108.381441,21.712846]]],"450603":[[[108.493039,21.839638],[108.475372,21.854886],[108.468071,21.86945],[108.476411,21.892993],[108.472136,21.90166],[108.460108,21.914184],[108.448867,21.917263],[108.443985,21.925755],[108.431965,21.919175],[108.419666,21.91793],[108.39751,21.934675],[108.384386,21.924476],[108.35168,21.928391],[108.345527,21.925011],[108.334611,21.925081],[108.331398,21.919601],[108.323711,21.916893],[108.314625,21.920613],[108.310028,21.912743],[108.304941,21.912439],[108.300728,21.90739],[108.294879,21.910549],[108.292559,21.91812],[108.285315,21.922608],[108.272837,21.923338],[108.262055,21.932302],[108.265321,21.947759],[108.250732,21.948452],[108.248222,21.959063],[108.25217,21.967943],[108.243395,21.976257],[108.235611,21.973194],[108.227167,21.98083],[108.217548,21.98239],[108.207435,21.990823],[108.201955,22.007657],[108.197567,22.004904],[108.186784,21.983808],[108.176966,21.986127],[108.169089,21.997554],[108.15196,21.971895],[108.132149,21.968468],[108.114586,21.950663],[108.096102,21.942007],[108.09523,21.935337],[108.088337,21.934783],[108.06971,21.917169],[108.055266,21.911469],[108.031026,21.909157],[108.028436,21.903919],[108.010778,21.897405],[108.002764,21.900515],[107.981543,21.897344],[107.975605,21.887191],[107.949853,21.887283],[107.923152,21.880085],[107.905331,21.869204],[107.895942,21.871004],[107.900704,21.837929],[107.887098,21.833533],[107.873922,21.835068],[107.850921,21.820186],[107.83955,21.816658],[107.83236,21.818121],[107.830001,21.813616],[107.815602,21.816561],[107.808775,21.822207],[107.793048,21.816013],[107.770558,21.820254],[107.761538,21.808026],[107.751889,21.80636],[107.743559,21.799397],[107.728915,21.800875],[107.718741,21.793339],[107.715408,21.783581],[107.723574,21.774483],[107.714414,21.763395],[107.680411,21.758406],[107.65943,21.749386],[107.638768,21.761787],[107.591557,21.73594],[107.550425,21.726626],[107.545745,21.71757],[107.526012,21.700462],[107.521677,21.691446],[107.512596,21.684461],[107.504486,21.682864],[107.512505,21.675032],[107.512615,21.670469],[107.491327,21.661963],[107.497399,21.631339],[107.507583,21.619362],[107.504378,21.608196],[107.49299,21.598733],[107.516908,21.600711],[107.534662,21.593426],[107.548019,21.596074],[107.553796,21.592456],[107.567179,21.616096],[107.578344,21.614358],[107.587904,21.619662],[107.601545,21.608207],[107.611436,21.608564],[107.620659,21.613411],[107.65803,21.608597],[107.664851,21.611723],[107.680691,21.608075],[107.718842,21.621558],[107.763667,21.644809],[107.781166,21.647252],[107.789664,21.651158],[107.793446,21.658191],[107.809685,21.65668],[107.818587,21.66094],[107.8372,21.656024],[107.844693,21.647684],[107.853323,21.644384],[107.858013,21.652116],[107.869892,21.658069],[107.88911,21.64261],[107.889275,21.634826],[107.909909,21.639475],[107.922718,21.659623],[107.919398,21.665382],[107.921237,21.67444],[107.929858,21.683996],[107.92673,21.693135],[107.946497,21.704556],[107.947034,21.710451],[107.939719,21.716737],[107.940436,21.723916],[107.944815,21.727309],[107.984055,21.725783],[107.990941,21.722937],[108.001736,21.725603],[108.010754,21.721947],[108.023253,21.706587],[108.041222,21.699569],[108.053211,21.68321],[108.065729,21.679783],[108.075929,21.667811],[108.103052,21.676535],[108.107816,21.673343],[108.109536,21.66599],[108.127604,21.656518],[108.146364,21.669429],[108.141574,21.695219],[108.205361,21.721244],[108.22705,21.699519],[108.227075,21.688409],[108.217259,21.662361],[108.2244,21.638074],[108.220822,21.633295],[108.238987,21.605024],[108.235238,21.566064],[108.208126,21.508472],[108.211022,21.491245],[108.220339,21.485827],[108.229371,21.48566],[108.239295,21.488677],[108.261852,21.50791],[108.330778,21.536054],[108.337921,21.55256],[108.332734,21.613066],[108.346913,21.636361],[108.353628,21.663848],[108.352913,21.673458],[108.340663,21.685602],[108.338418,21.692471],[108.337521,21.701703],[108.341652,21.706714],[108.372405,21.714673],[108.398664,21.705039],[108.411848,21.710999],[108.418501,21.725513],[108.444582,21.741357],[108.479754,21.7417],[108.496874,21.735121],[108.50622,21.727224],[108.51687,21.726623],[108.513015,21.733798],[108.512559,21.762733],[108.526441,21.773605],[108.534603,21.77335],[108.536293,21.776187],[108.525499,21.78589],[108.511302,21.831376],[108.493039,21.839638]]],