{"460105":[[[110.342984,19.728717],[110.341911,19.753421],[110.337621,19.759639],[110.305063,19.761976],[110.295838,19.773909],[110.286935,19.772603],[110.281815,19.783646],[110.264083,19.787391],[110.262297,19.790455],[110.270877,19.821104],[110.283448,19.828967],[110.292586,19.845901],[110.315281,19.86188],[110.316555,19.891895],[110.322808,19.910459],[110.322711,19.922182],[110.327331,19.927388],[110.327738,19.950649],[110.278383,19.948996],[110.284448,19.955815],[110.285548,19.967197],[110.293162,19.972438],[110.296769,19.980236],[110.310514,19.982212],[110.310717,20.001012],[110.300867,20.002591],[110.302575,20.027818],[110.299668,20.039461],[110.202477,20.107885],[110.076013,20.095391],[110.144665,20.018415],[110.161799,20.004329],[110.144609,19.990475],[110.150767,19.984496],[110.16174,19.987636],[110.167994,19.984574],[110.169158,19.967596],[110.158239,19.941913],[110.172492,19.9364],[110.162827,19.936268],[110.16894,19.927514],[110.15838,19.937135],[110.157851,19.933118],[110.147375,19.933441],[110.144354,19.929483],[110.145814,19.92116],[110.161222,19.911521],[110.149261,19.898228],[110.158659,19.891386],[110.160907,19.87152],[110.14625,19.865219],[110.152269,19.862501],[110.169078,19.868784],[110.192767,19.862935],[110.193449,19.858591],[110.18747,19.857081],[110.186369,19.852767],[110.198544,19.851042],[110.211915,19.837908],[110.208547,19.815075],[110.211408,19.800211],[110.218066,19.786134],[110.234715,19.772582],[110.230774,19.763541],[110.233498,19.755376],[110.221016,19.74841],[110.213919,19.731665],[110.217146,19.720299],[110.228811,19.717518],[110.23153,19.713941],[110.234501,19.697497],[110.227871,19.687585],[110.232531,19.685606],[110.259558,19.698178],[110.268333,19.693351],[110.269305,19.699667],[110.287306,19.705272],[110.302154,19.707162],[110.311495,19.701235],[110.316971,19.701638],[110.326006,19.713378],[110.344982,19.725346],[110.342984,19.728717]]],"460106":[[[110.418588,19.839603],[110.419313,19.844941],[110.392563,19.851096],[110.394334,19.87045],[110.389699,19.886804],[110.397354,19.902468],[110.40676,19.91265],[110.408957,19.923854],[110.401616,19.935898],[110.407545,19.943431],[110.391951,19.954684],[110.373621,19.958175],[110.377446,19.974104],[110.35846,19.97638],[110.355133,19.982473],[110.357107,19.992686],[110.348492,19.991622],[110.347512,19.99967],[110.344059,19.999446],[110.339902,20.006088],[110.346446,20.010014],[110.339507,20.028505],[110.354121,20.039415],[110.351595,20.050343],[110.344832,20.049553],[110.333518,20.05526],[110.308728,20.060561],[110.260703,20.116555],[110.202477,20.107885],[110.299668,20.039461],[110.302575,20.027818],[110.300867,20.002591],[110.310717,20.001012],[110.310514,19.982212],[110.296769,19.980236],[110.293162,19.972438],[110.285548,19.967197],[110.284448,19.955815],[110.279209,19.947859],[110.304064,19.951567],[110.328212,19.949384],[110.327331,19.927388],[110.322711,19.922182],[110.322808,19.910459],[110.316555,19.891895],[110.315281,19.86188],[110.292586,19.845901],[110.283448,19.828967],[110.270877,19.821104],[110.262573,19.788757],[110.281815,19.783646],[110.286935,19.772603],[110.295838,19.773909],[110.305063,19.761976],[110.337621,19.759639],[110.341911,19.753421],[110.344982,19.725346],[110.358614,19.720936],[110.37972,19.720974],[110.385615,19.734263],[110.383439,19.746602],[110.400964,19.768961],[110.401302,19.780921],[110.392547,19.796388],[110.401233,19.813243],[110.399756,19.825299],[110.418095,19.822205],[110.418588,19.839603]]],"460107":[[[110.562529,19.840249],[110.571068,19.844825],[110.571976,19.84965],[110.560387,19.857884],[110.548443,19.880429],[110.542242,19.881502],[110.540805,19.88897],[110.53519,19.892972],[110.540838,19.897855],[110.528433,19.902785],[110.517754,19.90256],[110.50709,19.922126],[110.502256,19.92324],[110.494007,19.918029],[110.47883,19.917995],[110.4711,19.928863],[110.459828,19.931275],[110.46217,19.912721],[110.459014,19.911154],[110.445744,19.922232],[110.43746,19.921581],[110.421294,19.951247],[110.419634,19.980172],[110.415284,19.985153],[110.400093,19.990204],[110.384451,20.011466],[110.391829,20.022837],[110.342527,20.022857],[110.346446,20.010014],[110.339902,20.006088],[110.344059,19.999446],[110.347512,19.99967],[110.348492,19.991622],[110.357107,19.992686],[110.354901,19.985912],[110.357771,19.97705],[110.376252,19.974994],[110.373621,19.958175],[110.391951,19.954684],[110.407545,19.943431],[110.401616,19.935898],[110.408957,19.923854],[110.40676,19.91265],[110.397354,19.902468],[110.389699,19.886804],[110.394334,19.87045],[110.392563,19.851096],[110.419313,19.844941],[110.416173,19.832666],[110.419008,19.823154],[110.400392,19.82602],[110.401233,19.813243],[110.392755,19.799217],[110.401302,19.780921],[110.400964,19.768961],[110.38974,19.757522],[110.38287,19.741346],[110.385615,19.734263],[110.390167,19.7338],[110.389239,19.727804],[110.398131,19.711537],[110.402831,19.713134],[110.404828,19.708487],[110.386356,19.69203],[110.380119,19.668106],[110.373985,19.662071],[110.378332,19.652175],[110.386714,19.6529],[110.389894,19.636555],[110.397002,19.63261],[110.399251,19.619717],[110.403941,19.614568],[110.430164,19.614005],[110.426825,19.597401],[110.431074,19.590851],[110.443659,19.583722],[110.460128,19.57908],[110.464807,19.592259],[110.482525,19.589562],[110.487663,19.596635],[110.498423,19.597975],[110.510413,19.591905],[110.515882,19.581833],[110.514273,19.578234],[110.532342,19.562068],[110.534614,19.569509],[110.556017,19.569468],[110.546809,19.541687],[110.559063,19.541462],[110.564403,19.533352],[110.573005,19.52977],[110.60268,19.535633],[110.617794,19.532404],[110.620862,19.537937],[110.630122,19.537413],[110.645036,19.546682],[110.647766,19.555378],[110.645701,19.569857],[110.640296,19.579445],[110.642074,19.598912],[110.660011,19.623394],[110.662572,19.645223],[110.675006,19.651817],[110.66603,19.652971],[110.659454,19.658125],[110.643541,19.65758],[110.634201,19.664835],[110.629963,19.670258],[110.628195,19.688331],[110.631392,19.700745],[110.618143,19.703175],[110.633438,19.711972],[110.651668,19.712022],[110.655997,19.716088],[110.654799,19.725514],[110.634591,19.73451],[110.632328,19.740929],[110.633282,19.74945],[110.64349,19.756326],[110.653742,19.773554],[110.630297,19.772623],[110.622324,19.761451],[110.61679,19.762557],[110.609204,19.756217],[110.60705,19.767199],[110.583047,19.769749],[110.575003,19.774224],[110.569851,19.780813],[110.568853,19.794298],[110.555951,19.808238],[110.561372,19.819556],[110.554693,19.831551],[110.562529,19.840249]]],