{"510603":[[[104.566537,31.172725],[104.562637,31.181267],[104.5778,31.187014],[104.589705,31.195705],[104.591822,31.205664],[104.573963,31.20799],[104.565555,31.212199],[104.560569,31.22216],[104.556345,31.223414],[104.549577,31.219035],[104.551405,31.21382],[104.548416,31.210526],[104.537698,31.213673],[104.527959,31.209217],[104.529963,31.212945],[104.526147,31.213836],[104.526408,31.226838],[104.518385,31.223739],[104.520227,31.230309],[104.504809,31.237441],[104.494824,31.233748],[104.486934,31.23924],[104.481231,31.252129],[104.475317,31.250438],[104.462991,31.255995],[104.457812,31.270961],[104.452397,31.26871],[104.450496,31.2712],[104.447412,31.292398],[104.441128,31.298753],[104.436358,31.297663],[104.435483,31.303753],[104.426136,31.311778],[104.419783,31.311187],[104.420383,31.319146],[104.415882,31.324886],[104.410632,31.328572],[104.393312,31.327681],[104.374881,31.333329],[104.370599,31.337727],[104.368082,31.349845],[104.361357,31.357601],[104.355,31.359548],[104.350426,31.356422],[104.348519,31.346503],[104.33921,31.344341],[104.330551,31.336264],[104.331988,31.317612],[104.325177,31.305752],[104.319841,31.302881],[104.318364,31.294947],[104.30732,31.282158],[104.291251,31.275516],[104.283595,31.265963],[104.280365,31.245316],[104.257306,31.22682],[104.263975,31.223048],[104.270115,31.210888],[104.267715,31.201699],[104.276109,31.161626],[104.286737,31.146655],[104.299693,31.136034],[104.300489,31.125767],[104.313003,31.124953],[104.320422,31.12125],[104.339547,31.091645],[104.349088,31.086216],[104.36044,31.060926],[104.367242,31.056797],[104.376199,31.056427],[104.392632,31.046254],[104.396781,31.049545],[104.408666,31.046917],[104.418122,31.029364],[104.448853,31.039736],[104.455781,31.039244],[104.460341,31.034992],[104.487177,31.042828],[104.501211,31.032763],[104.508374,31.035656],[104.52864,31.07905],[104.52555,31.106294],[104.530093,31.113758],[104.537517,31.106917],[104.551557,31.110486],[104.566412,31.106825],[104.572904,31.119984],[104.580619,31.124549],[104.57781,31.136397],[104.559841,31.142595],[104.568336,31.150516],[104.56595,31.159062],[104.554651,31.158609],[104.550207,31.162165],[104.552918,31.165988],[104.565906,31.168112],[104.566537,31.172725]]],"510623":[[[104.742234,31.287262],[104.736714,31.28645],[104.731409,31.277274],[104.723974,31.280747],[104.718084,31.276114],[104.709732,31.255078],[104.697308,31.251197],[104.666217,31.252372],[104.654593,31.233149],[104.644927,31.225231],[104.640016,31.227195],[104.634415,31.23906],[104.623165,31.244165],[104.618842,31.249862],[104.610905,31.246926],[104.598714,31.250426],[104.600536,31.240111],[104.587285,31.222211],[104.587817,31.210797],[104.583741,31.209635],[104.591822,31.205664],[104.592673,31.199586],[104.5778,31.187014],[104.562637,31.181267],[104.565906,31.168112],[104.552918,31.165988],[104.550207,31.162165],[104.554651,31.158609],[104.56595,31.159062],[104.568336,31.150516],[104.559841,31.142595],[104.57781,31.136397],[104.580619,31.124549],[104.572904,31.119984],[104.566412,31.106825],[104.551557,31.110486],[104.537517,31.106917],[104.530093,31.113758],[104.52555,31.106294],[104.52864,31.07905],[104.509577,31.03726],[104.501211,31.032763],[104.487177,31.042828],[104.455461,31.033634],[104.451288,31.028049],[104.453021,31.020329],[104.459555,31.01408],[104.455749,31.005258],[104.460819,31.002596],[104.468848,31.010103],[104.48381,31.00952],[104.486826,31.003632],[104.484589,30.989779],[104.495719,30.977899],[104.493308,30.968989],[104.504285,30.949605],[104.50432,30.942893],[104.519868,30.941425],[104.537879,30.924782],[104.53338,30.901542],[104.526495,30.894852],[104.526442,30.889586],[104.54795,30.885585],[104.585877,30.870359],[104.602489,30.869502],[104.615942,30.853086],[104.635781,30.857966],[104.646774,30.844247],[104.682929,30.837223],[104.687495,30.831922],[104.70159,30.829486],[104.714562,30.809769],[104.719821,30.792723],[104.721636,30.783942],[104.717318,30.784616],[104.716928,30.778776],[104.724705,30.777603],[104.73448,30.785302],[104.739794,30.783269],[104.745375,30.764139],[104.752449,30.757264],[104.748326,30.746758],[104.755053,30.742287],[104.755191,30.734033],[104.773117,30.73301],[104.774461,30.724428],[104.78259,30.727787],[104.801191,30.724261],[104.79533,30.715908],[104.795823,30.698289],[104.80944,30.696027],[104.817719,30.685849],[104.824912,30.670027],[104.828325,30.650906],[104.831139,30.649731],[104.837006,30.65616],[104.846183,30.656322],[104.854364,30.644796],[104.853792,30.637318],[104.844278,30.631692],[104.838569,30.615639],[104.8278,30.604983],[104.823496,30.593058],[104.825273,30.584065],[104.834003,30.585093],[104.838955,30.589027],[104.846861,30.588599],[104.847864,30.594029],[104.855488,30.588206],[104.860519,30.593079],[104.863918,30.58977],[104.86956,30.590948],[104.865728,30.616811],[104.874623,30.618116],[104.876941,30.624687],[104.883592,30.624444],[104.885413,30.638342],[104.890592,30.636529],[104.896224,30.60902],[104.899824,30.60967],[104.899071,30.62356],[104.910456,30.62388],[104.916876,30.63226],[104.92842,30.633352],[104.936896,30.627986],[104.939824,30.608559],[104.951596,30.609098],[104.962814,30.614659],[104.973866,30.593027],[104.969618,30.571829],[104.99778,30.5305],[105.003014,30.530044],[105.006504,30.533382],[105.018685,30.532107],[105.02111,30.53798],[105.031587,30.536288],[105.03481,30.547579],[105.045056,30.55501],[105.05399,30.552291],[105.061041,30.538893],[105.072157,30.539231],[105.076779,30.543713],[105.078867,30.556119],[105.090037,30.555089],[105.089689,30.563619],[105.095363,30.567337],[105.093239,30.570793],[105.107746,30.582625],[105.101398,30.589633],[105.10628,30.596765],[105.103438,30.60027],[105.111099,30.600677],[105.114864,30.605365],[105.118961,30.603451],[105.119157,30.608957],[105.125382,30.610648],[105.125181,30.616722],[105.129424,30.620911],[105.126494,30.628139],[105.137841,30.625039],[105.136581,30.631074],[105.146679,30.634677],[105.146798,30.641839],[105.151059,30.640631],[105.154639,30.646299],[105.160006,30.646136],[105.157245,30.653747],[105.147998,30.661164],[105.152037,30.668904],[105.149474,30.67191],[105.169807,30.680197],[105.173116,30.696906],[105.181227,30.703748],[105.179056,30.709617],[105.162584,30.713351],[105.169268,30.720863],[105.163491,30.724337],[105.162603,30.73777],[105.154214,30.73948],[105.15131,30.747904],[105.145512,30.744857],[105.145789,30.750583],[105.125068,30.757083],[105.121696,30.765956],[105.117916,30.760608],[105.112951,30.762582],[105.10494,30.758755],[105.106405,30.765483],[105.098934,30.767775],[105.087755,30.761867],[105.081994,30.765451],[105.083195,30.770391],[105.078692,30.776698],[105.067198,30.771528],[105.07039,30.779281],[105.054196,30.777652],[105.054068,30.783841],[105.048847,30.783656],[105.047712,30.788316],[105.040892,30.784389],[105.041356,30.789029],[105.029639,30.78919],[105.026559,30.796841],[105.020005,30.800783],[105.014976,30.799831],[105.014231,30.805374],[105.006667,30.810155],[105.000352,30.821172],[104.996055,30.837078],[104.992958,30.852163],[104.998085,30.864569],[104.995645,30.873362],[104.99853,30.876996],[104.992652,30.877402],[104.978815,30.866423],[104.974518,30.855268],[104.970602,30.853384],[104.966521,30.869283],[104.972822,30.883113],[104.974008,30.900911],[104.951351,30.903942],[104.953327,30.921731],[104.937611,30.950529],[104.905365,30.950786],[104.901944,30.949582],[104.903542,30.942564],[104.898623,30.940695],[104.890602,30.946152],[104.880396,30.945114],[104.872283,30.953167],[104.86695,30.95072],[104.859187,30.953981],[104.847258,30.949358],[104.862467,30.970802],[104.852845,30.987342],[104.835688,30.992865],[104.832507,31.003337],[104.844923,31.019649],[104.831483,31.031036],[104.833858,31.050517],[104.831157,31.062284],[104.825107,31.071203],[104.813403,31.072852],[104.781403,31.10118],[104.781238,31.105821],[104.794887,31.117688],[104.797237,31.128813],[104.783528,31.140686],[104.765756,31.138564],[104.760965,31.163333],[104.754926,31.166184],[104.750308,31.173495],[104.747432,31.17003],