{"520201":[[[105.052657,26.620738],[105.042314,26.620296],[105.034661,26.610929],[105.02658,26.611282],[105.030885,26.636116],[105.02831,26.63863],[105.024446,26.637281],[105.010393,26.61492],[104.999555,26.612898],[104.995802,26.623662],[105.005628,26.64391],[105.001938,26.647746],[104.949273,26.643193],[104.943254,26.627957],[104.936207,26.622321],[104.903015,26.623997],[104.891481,26.633017],[104.891222,26.637834],[104.895435,26.648554],[104.905918,26.658784],[104.907652,26.669752],[104.901176,26.674294],[104.885734,26.672416],[104.875749,26.67541],[104.877278,26.682503],[104.889302,26.695012],[104.873182,26.715689],[104.874227,26.721011],[104.890703,26.733063],[104.881039,26.763605],[104.875646,26.767016],[104.826242,26.774428],[104.796149,26.755118],[104.78809,26.766069],[104.777673,26.79819],[104.771127,26.804402],[104.762563,26.80249],[104.763027,26.79103],[104.757509,26.785635],[104.76462,26.776296],[104.761233,26.762489],[104.766891,26.758062],[104.769774,26.730085],[104.759385,26.714345],[104.753134,26.690931],[104.771048,26.687456],[104.804938,26.652932],[104.841722,26.640734],[104.846855,26.633662],[104.837697,26.628214],[104.778823,26.625158],[104.76675,26.613032],[104.77042,26.600148],[104.790862,26.587034],[104.819486,26.574425],[104.852729,26.550119],[104.87635,26.538741],[104.903653,26.539138],[104.924388,26.565861],[104.940168,26.57867],[104.970213,26.574636],[104.998462,26.554043],[105.035066,26.537829],[105.050621,26.518809],[105.071556,26.47766],[105.089344,26.457231],[105.100662,26.451575],[105.108021,26.458596],[105.108627,26.475764],[105.053911,26.553453],[105.047061,26.568049],[105.046774,26.577908],[105.060352,26.610288],[105.058777,26.61812],[105.052657,26.620738]],[[104.710585,26.808302],[104.706956,26.842337],[104.701272,26.85267],[104.693058,26.853883],[104.677069,26.83854],[104.669792,26.837239],[104.655871,26.842515],[104.650006,26.862159],[104.645786,26.862851],[104.64219,26.85866],[104.638103,26.83017],[104.625316,26.821497],[104.603684,26.792951],[104.608064,26.785034],[104.602903,26.764509],[104.60637,26.756924],[104.612013,26.752926],[104.632652,26.748498],[104.628717,26.739286],[104.63056,26.735414],[104.648582,26.736237],[104.652367,26.740343],[104.651877,26.748373],[104.662084,26.747301],[104.678375,26.757829],[104.678738,26.768713],[104.687098,26.788585],[104.704792,26.796268],[104.710585,26.808302]]],"520203":[[[105.256425,25.993938],[105.256484,26.000749],[105.270442,26.010536],[105.277247,26.020181],[105.307764,26.013503],[105.336221,26.016637],[105.341673,26.01073],[105.346841,26.015225],[105.354383,26.013412],[105.376114,26.021296],[105.39656,26.013115],[105.403412,26.018906],[105.421608,26.022019],[105.440314,26.023545],[105.45478,26.019255],[105.461438,26.025901],[105.47773,26.031873],[105.492897,26.029799],[105.500214,26.036384],[105.514997,26.029916],[105.514847,26.046051],[105.522627,26.050036],[105.526054,26.063684],[105.537696,26.065584],[105.540812,26.075728],[105.562433,26.083],[105.57193,26.07687],[105.58333,26.082273],[105.593046,26.075288],[105.595167,26.066626],[105.599302,26.069791],[105.600325,26.074156],[105.59609,26.079353],[105.599877,26.083309],[105.593967,26.087386],[105.602286,26.095255],[105.600423,26.102399],[105.606095,26.119697],[105.614502,26.12421],[105.610965,26.148821],[105.613208,26.166575],[105.627341,26.163682],[105.630591,26.157713],[105.640324,26.153484],[105.641888,26.144197],[105.656748,26.146197],[105.675113,26.142887],[105.679393,26.145831],[105.675734,26.156466],[105.685934,26.160191],[105.685942,26.168549],[105.69672,26.175165],[105.7177,26.170857],[105.728036,26.182295],[105.723822,26.194806],[105.711965,26.187343],[105.703547,26.195186],[105.6955,26.195988],[105.687031,26.206482],[105.671814,26.213146],[105.640205,26.212976],[105.60598,26.219402],[105.603758,26.226842],[105.600731,26.227131],[105.599948,26.237469],[105.59119,26.232486],[105.575154,26.230476],[105.563104,26.237021],[105.552615,26.232972],[105.549194,26.227841],[105.538633,26.227336],[105.539952,26.23878],[105.531351,26.242411],[105.522885,26.231674],[105.515399,26.22994],[105.51282,26.235621],[105.504108,26.241195],[105.500918,26.255365],[105.48443,26.262322],[105.477037,26.272626],[105.48395,26.283415],[105.47897,26.291608],[105.49595,26.30106],[105.502395,26.310225],[105.502732,26.312854],[105.497159,26.312161],[105.49682,26.316795],[105.492684,26.318318],[105.505107,26.331964],[105.502718,26.340967],[105.514821,26.352792],[105.526653,26.355716],[105.526629,26.360464],[105.537398,26.361045],[105.540857,26.364839],[105.54082,26.37387],[105.52224,26.402223],[105.525609,26.408205],[105.510352,26.426239],[105.51497,26.433523],[105.513939,26.43915],[105.509986,26.442954],[105.49579,26.444196],[105.487421,26.452786],[105.487982,26.456511],[105.476302,26.442907],[105.463443,26.446715],[105.445364,26.439228],[105.446693,26.444358],[105.440886,26.460273],[105.428225,26.465463],[105.411119,26.461891],[105.392554,26.470235],[105.381829,26.48029],[105.368782,26.484536],[105.363163,26.47976],[105.36254,26.469942],[105.347821,26.499907],[105.357079,26.506326],[105.359976,26.51628],[105.348707,26.514655],[105.338229,26.517463],[105.326553,26.532137],[105.310007,26.538089],[105.29689,26.536684],[105.283614,26.523476],[105.259786,26.528644],[105.247393,26.511032],[105.223714,26.503364],[105.237312,26.486674],[105.24804,26.48268],[105.254532,26.469765],[105.268413,26.456134],[105.241697,26.429536],[105.207204,26.407669],[105.199843,26.409045],[105.188552,26.399015],[105.196557,26.391],[105.19179,26.386343],[105.214717,26.387963],[105.239856,26.368796],[105.240464,26.353798],[105.248434,26.349264],[105.248889,26.341196],[105.244697,26.336052],[105.243554,26.32419],[105.229108,26.315698],[105.222727,26.305577],[105.226431,26.289371],[105.213494,26.282354],[105.213277,26.253356],[105.206033,26.247327],[105.196737,26.246381],[105.197827,26.237646],[105.18844,26.234111],[105.192379,26.223574],[105.189262,26.218946],[105.180807,26.213595],[105.154311,26.206604],[105.153392,26.19658],[105.142926,26.188876],[105.144089,26.180172],[105.134852,26.175765],[105.130522,26.168568],[105.142073,26.157608],[105.153739,26.165588],[105.165128,26.180416],[105.194858,26.179324],[105.194693,26.169379],[105.185227,26.164949],[105.188002,26.154489],[105.181745,26.125904],[105.196712,26.107895],[105.200377,26.097193],[105.196216,26.070512],[105.207205,26.062915],[105.209438,26.055922],[105.218333,26.048199],[105.226126,26.032632],[105.222598,26.022183],[105.24136,25.993895],[105.255997,25.986158],[105.261778,25.990883],[105.256425,25.993938]]],