{"610202":[[[109.135474,34.999575],[109.125841,35.000855],[109.121639,35.006427],[109.143777,35.020031],[109.142284,35.028895],[109.135541,35.035264],[109.114382,35.045157],[109.121855,35.049955],[109.128091,35.062566],[109.142086,35.055492],[109.162343,35.061766],[109.15913,35.096767],[109.145579,35.104265],[109.13582,35.104334],[109.124034,35.101528],[109.105564,35.089392],[109.093231,35.089886],[109.084001,35.107312],[109.067856,35.126042],[109.052115,35.175189],[109.045474,35.17604],[109.037662,35.172664],[109.033713,35.191299],[109.00176,35.194784],[108.991596,35.201099],[108.979444,35.199787],[108.976306,35.193701],[108.96961,35.190878],[108.975765,35.171469],[108.982524,35.171858],[108.99016,35.187089],[109.004534,35.186491],[109.009592,35.184098],[109.015206,35.174667],[109.031671,35.168489],[109.043332,35.156318],[109.052672,35.141557],[109.049013,35.123345],[109.043037,35.123102],[109.02274,35.139078],[109.015989,35.136466],[109.026505,35.120008],[109.027153,35.108331],[109.040665,35.106928],[109.045478,35.103208],[109.045657,35.088528],[109.068167,35.061445],[109.066355,35.055344],[109.053283,35.043557],[109.043805,35.046768],[109.017449,35.041546],[109.01381,35.031974],[109.022781,35.012038],[109.006703,35.010014],[109.004327,35.008359],[109.006688,35.002313],[109.02514,34.993258],[109.029041,34.986848],[109.046955,34.990748],[109.051528,34.986666],[109.053036,34.977793],[109.079932,34.976265],[109.087838,34.971256],[109.090716,34.964556],[109.096346,34.964316],[109.10589,34.968503],[109.113106,34.978434],[109.125342,34.976448],[109.136071,34.981865],[109.141442,34.99118],[109.148951,34.996044],[109.135474,34.999575]]],"610203":[[[119.419022,41.589615],[119.423528,41.594455],[119.421333,41.597515],[119.362844,41.615723],[119.330546,41.649279],[119.327341,41.650644],[119.321831,41.646354],[119.317318,41.652695],[119.318067,41.662193],[119.323426,41.670291],[119.306504,41.717201],[119.310826,41.726633],[119.32225,41.730736],[119.325677,41.739909],[119.319995,41.747791],[119.307404,41.748266],[119.323917,41.768264],[119.320041,41.773268],[119.304198,41.780436],[119.295557,41.793919],[119.29785,41.798378],[119.320525,41.813751],[119.323992,41.842576],[119.33154,41.854735],[119.31904,41.858037],[119.304531,41.848378],[119.29554,41.848179],[119.285405,41.853796],[119.259585,41.85207],[119.254264,41.855586],[119.240636,41.855032],[119.228524,41.863983],[119.213388,41.858448],[119.201533,41.858899],[119.186434,41.854482],[119.150091,41.85572],[119.145238,41.853264],[119.124873,41.857234],[119.112482,41.856267],[119.102728,41.860051],[119.081002,41.848422],[119.040844,41.880859],[119.024751,41.883311],[119.012789,41.882058],[119.010791,41.8939],[118.970473,41.876914],[118.95954,41.87578],[118.956241,41.86983],[118.94237,41.866836],[118.935746,41.861253],[118.917144,41.856864],[118.896484,41.854923],[118.870561,41.860172],[118.838852,41.85131],[118.831124,41.855324],[118.798782,41.860163],[118.771491,41.851881],[118.751285,41.842159],[118.74241,41.837333],[118.737906,41.829613],[118.725581,41.830245],[118.714539,41.824501],[118.693057,41.831411],[118.678554,41.826608],[118.667867,41.799623],[118.663585,41.796653],[118.663514,41.785825],[118.656177,41.781015],[118.649308,41.762533],[118.63765,41.751206],[118.636675,41.739087],[118.624128,41.734931],[118.608334,41.721777],[118.594964,41.71907],[118.578046,41.722165],[118.571323,41.720356],[118.561459,41.710095],[118.552885,41.708255],[118.540275,41.700637],[118.524563,41.698351],[118.518744,41.691761],[118.513659,41.69217],[118.501024,41.68668],[118.500204,41.671954],[118.488725,41.663776],[118.4983,41.657346],[118.50104,41.65126],[118.491914,41.641083],[118.477681,41.634845],[118.470472,41.624941],[118.472929,41.600894],[118.463919,41.595815],[118.458296,41.586072],[118.449931,41.582149],[118.428579,41.58318],[118.397153,41.580022],[118.366411,41.588661],[118.352618,41.576651],[118.337647,41.577518],[118.321396,41.564488],[118.316395,41.548661],[118.320344,41.535891],[118.332322,41.524037],[118.330907,41.514314],[118.326372,41.509514],[118.317096,41.507608],[118.313528,41.491101],[118.28794,41.486545],[118.27827,41.473058],[118.284277,41.469078],[118.302729,41.469177],[118.318847,41.462351],[118.326994,41.462406],[118.334325,41.457029],[118.34993,41.453895],[118.352013,41.443351],[118.366791,41.4286],[118.361151,41.418738],[118.360715,41.398836],[118.375016,41.391347],[118.365844,41.385149],[118.363916,41.380026],[118.357121,41.377619],[118.365519,41.364115],[118.361008,41.355829],[118.36851,41.350352],[118.36281,41.337286],[118.38622,41.318927],[118.409154,41.316556],[118.415648,41.326401],[118.425394,41.327269],[118.421571,41.337603],[118.425204,41.341674],[118.455301,41.344905],[118.491078,41.3541],[118.515001,41.348588],[118.524291,41.352713],[118.537628,41.365152],[118.553198,41.355799],[118.566188,41.361693],[118.57217,41.359345],[118.595877,41.360932],[118.609329,41.354054],[118.623017,41.356154],[118.630527,41.353369],[118.647034,41.355995],[118.664076,41.35354],[118.678318,41.364351],[118.688512,41.35163],[118.704068,41.339266],[118.714225,41.343107],[118.725569,41.333771],[118.755176,41.329786],[118.769169,41.338657],[118.776842,41.356859],[118.787574,41.363989],[118.814842,41.371903],[118.822645,41.377296],[118.838034,41.376258],[118.852847,41.389905],[118.851497,41.374967],[118.842931,41.367434],[118.852663,41.361714],[118.851767,41.351629],[118.862481,41.343309],[118.871614,41.328505],[118.869033,41.322193],[118.879847,41.310623],[118.893641,41.313025],[118.906885,41.305922],[118.919797,41.312731],[118.940615,41.308907],[118.957207,41.31971],[118.974736,41.312446],[118.984883,41.315036],[119.001263,41.310907],[119.025986,41.312599],[119.051124,41.300706],[119.083203,41.304382],[119.095184,41.29895],[119.122944,41.303821],[119.145029,41.302394],[119.158837,41.305662],[119.210157,41.291276],[119.215921,41.292941],[119.220456,41.309543],[119.23769,41.317815],[119.246119,41.317862],[119.253466,41.331325],[119.261393,41.328753],[119.264669,41.333083],[119.287843,41.335205],[119.303743,41.331044],[119.312648,41.337014],[119.321749,41.354273],[119.326815,41.337577],[119.331541,41.336],[119.334962,41.338735],[119.334767,41.355269],[119.327822,41.367886],[119.329071,41.372815],[119.337719,41.378644],[119.336523,41.394913],[119.329872,41.399437],[119.319261,41.401389],[119.318598,41.406433],[119.336444,41.418221],[119.359555,41.41757],[119.365863,41.421021],[119.373545,41.429259],[119.379431,41.442887],[119.379121,41.45884],[119.389423,41.472163],[119.404965,41.480505],[119.413566,41.489998],[119.406179,41.49724],[119.399171,41.512692],[119.403217,41.518525],[119.390535,41.527892],[119.391903,41.537424],[119.378089,41.548092],[119.368735,41.550838],[119.371242,41.555268],[119.367681,41.559758],[119.37627,41.563547],[119.373711,41.571661],[119.384847,41.571137],[119.403589,41.575086],[119.416537,41.582935],[119.419022,41.589615]]],