{"620102":[[[103.829576,36.128443],[103.820327,36.134605],[103.817906,36.14774],[103.807214,36.150561],[103.805819,36.145373],[103.811314,36.132887],[103.800549,36.127342],[103.802316,36.090796],[103.823366,36.071968],[103.819805,36.050232],[103.821611,36.05144],[103.826706,36.039817],[103.834902,36.033901],[103.836746,36.029457],[103.834348,36.028164],[103.845455,36.019004],[103.851552,36.003999],[103.867658,35.988737],[103.886817,35.977167],[103.907131,36.013874],[103.908956,36.029936],[103.920222,36.028042],[103.954647,36.03848],[103.953318,36.026544],[103.959962,36.025723],[103.966583,36.029959],[103.975197,36.043778],[103.975863,36.062739],[103.993965,36.073795],[103.994905,36.085161],[104.000497,36.09608],[103.999389,36.104083],[103.991876,36.108272],[103.970095,36.098828],[103.961833,36.100322],[103.958304,36.107619],[103.965765,36.119839],[103.961898,36.137933],[103.959453,36.141318],[103.934352,36.151502],[103.932792,36.155519],[103.893318,36.119878],[103.888192,36.119142],[103.876921,36.135504],[103.871145,36.155067],[103.862886,36.162647],[103.854099,36.164504],[103.848466,36.160623],[103.840454,36.145634],[103.838912,36.135376],[103.842822,36.128456],[103.829576,36.128443]]],"620103":[[[103.71225,36.089395],[103.697445,36.095002],[103.680279,36.108524],[103.675606,36.090701],[103.682449,36.086456],[103.707935,36.082466],[103.690397,36.073204],[103.680384,36.016601],[103.678958,35.987773],[103.661429,35.974813],[103.630603,35.976278],[103.623701,35.966914],[103.629116,35.949578],[103.655652,35.934416],[103.669696,35.918022],[103.682107,35.922228],[103.683293,35.928042],[103.688722,35.931077],[103.696121,35.929581],[103.6969,35.925488],[103.700054,35.925453],[103.711686,35.932308],[103.721259,35.928422],[103.72124,35.915937],[103.728425,35.912355],[103.731303,35.914726],[103.742387,35.903872],[103.749885,35.905708],[103.760595,35.900238],[103.765841,35.900887],[103.774496,35.908777],[103.77808,35.907658],[103.787792,35.893913],[103.786557,35.87559],[103.810758,35.854538],[103.836165,35.852401],[103.854546,35.875176],[103.862297,35.876065],[103.883894,35.862578],[103.895745,35.859588],[103.913863,35.858914],[103.920256,35.862509],[103.92086,35.877865],[103.912254,35.897402],[103.918065,35.921145],[103.898898,35.931997],[103.884349,35.945928],[103.882552,35.965025],[103.886817,35.977167],[103.854344,36.000458],[103.845455,36.019004],[103.834348,36.028164],[103.836746,36.029457],[103.834902,36.033901],[103.826794,36.039706],[103.818899,36.053472],[103.823522,36.061173],[103.823429,36.070512],[103.811624,36.071306],[103.796126,36.077647],[103.778148,36.090013],[103.746992,36.090572],[103.730487,36.098852],[103.720912,36.08844],[103.71225,36.089395]]],"620104":[[[103.604149,36.182344],[103.59269,36.182774],[103.587464,36.197915],[103.570805,36.216877],[103.5187,36.220228],[103.45334,36.203823],[103.441695,36.209934],[103.438765,36.227151],[103.421447,36.229687],[103.407533,36.236177],[103.382101,36.226561],[103.370704,36.231789],[103.356257,36.213074],[103.374211,36.191649],[103.367753,36.164937],[103.368179,36.150134],[103.361938,36.144565],[103.3437,36.140214],[103.354031,36.128739],[103.363848,36.12929],[103.372888,36.126214],[103.391795,36.127899],[103.395425,36.125587],[103.405544,36.104679],[103.406444,36.087328],[103.432567,36.077937],[103.456087,36.083519],[103.462433,36.091393],[103.465835,36.112531],[103.476609,36.117651],[103.485587,36.117491],[103.497388,36.102487],[103.508977,36.108417],[103.532745,36.1115],[103.567446,36.098926],[103.573119,36.089257],[103.575136,36.070651],[103.578343,36.069059],[103.593688,36.07448],[103.599401,36.073681],[103.609539,36.052544],[103.630865,36.021998],[103.623385,36.005296],[103.639049,35.990062],[103.630603,35.976278],[103.660177,35.974533],[103.678958,35.987773],[103.680384,36.016601],[103.690397,36.073204],[103.707935,36.082466],[103.682449,36.086456],[103.675606,36.090701],[103.675773,36.099408],[103.6816,36.10943],[103.67169,36.117881],[103.666524,36.128573],[103.649596,36.137637],[103.63162,36.143362],[103.616916,36.14376],[103.608421,36.141004],[103.590103,36.127529],[103.591008,36.165009],[103.604149,36.182344]]],"620105":[[[103.620636,36.172375],[103.612132,36.18133],[103.604149,36.182344],[103.592885,36.16909],[103.590103,36.127529],[103.61344,36.142934],[103.63162,36.143362],[103.665041,36.129646],[103.673356,36.116096],[103.703497,36.092306],[103.719804,36.088037],[103.730487,36.098852],[103.746992,36.090572],[103.778148,36.090013],[103.796126,36.077647],[103.811624,36.071306],[103.823429,36.070512],[103.802316,36.090796],[103.800549,36.127342],[103.792891,36.127745],[103.784535,36.133604],[103.760802,36.133589],[103.732162,36.144563],[103.711998,36.142239],[103.689563,36.154097],[103.679879,36.154103],[103.665184,36.163329],[103.625195,36.156745],[103.620636,36.172375]]],"620111":[[[103.160167,36.339092],[103.146835,36.307766],[103.140768,36.308477],[103.126175,36.322877],[103.110109,36.326863],[103.101445,36.321683],[103.09577,36.325524],[103.067404,36.308904],[103.060384,36.308868],[103.051329,36.317564],[103.053867,36.332222],[103.042451,36.331336],[103.012671,36.343631],[102.989145,36.332488],[102.966054,36.336922],[102.962921,36.340332],[102.96336,36.349363],[102.944357,36.353954],[102.937535,36.360965],[102.928466,36.394697],[102.917741,36.414671],[102.928523,36.425412],[102.941756,36.415913],[102.963645,36.442948],[102.964018,36.461246],[102.959325,36.468909],[102.951583,36.470934],[102.927839,36.46634],[102.903104,36.474017],[102.879218,36.465542],[102.876354,36.46105],[102.877649,36.439688],[102.868972,36.422936],[102.869025,36.411118],[102.863977,36.401361],[102.853245,36.396565],[102.857328,36.381625],[102.832824,36.371925],[102.833647,36.362882],[102.842653,36.357038],[102.851794,36.339749],[102.860183,36.342099],[102.867136,36.337907],[102.878341,36.337882],[102.882857,36.341833],[102.899925,36.337691],[102.921183,36.322628],[102.924786,36.311209],[102.936482,36.300941],[102.978809,36.290309],[102.985712,36.281434],[103.001514,36.270537],[103.016514,36.268475],[103.024917,36.261798],[103.030567,36.238389],[103.037706,36.240458],[103.056505,36.232291],[103.061433,36.226711],[103.072017,36.225596],[103.0799,36.214336],[103.105907,36.216795],[103.119715,36.21402],[103.129192,36.209365],[103.131616,36.201882],[103.14527,36.202115],[103.152956,36.19486],[103.168156,36.193066],[103.175478,36.181848],[103.197355,36.186189],[103.207396,36.182008],[103.213731,36.174176],[103.238111,36.172464],[103.240011,36.166736],[103.252535,36.163303],[103.264829,36.165365],[103.266068,36.154089],[103.270224,36.152708],[103.285562,36.158349],[103.300972,36.151258],[103.317176,36.159212],[103.325171,36.1547],[103.328876,36.144158],[103.339236,36.143788],[103.3437,36.140214],[103.364136,36.145753],[103.369191,36.154014],[103.367753,36.164937],[103.374211,36.191649],[103.356257,36.213074],[103.370704,36.231789],[103.362661,36.235989],[103.34713,36.252253],[103.315262,36.253799],[103.309373,36.247325],[103.294639,36.242133],[103.290679,36.233852],[103.277108,36.232971],[103.253041,36.224555],[103.240324,36.228083],[103.233557,36.227004],[103.214287,36.235571],[103.215103,36.241139],[103.210242,36.24447],[103.212444,36.258055],[103.226868,36.270404],[103.221078,36.277224],[103.215213,36.305159],[103.225097,36.315041],[103.229031,36.334408],[103.223896,36.344353],[103.233293,36.35917],[103.225012,36.364913],[103.221796,36.387604],[103.215077,36.384603],[103.21068,36.37614],[103.199505,36.373869],[103.189822,36.35926],[103.162961,36.350977],[103.159592,36.34691],[103.160167,36.339092]]],