{"622901":[[[103.21603,35.622987],[103.199529,35.606748],[103.162449,35.584174],[103.155332,35.584196],[103.152044,35.587466],[103.149802,35.581118],[103.13852,35.574513],[103.133602,35.565819],[103.105486,35.560022],[103.105134,35.553835],[103.121514,35.518127],[103.131569,35.519708],[103.143458,35.526419],[103.155992,35.537731],[103.159533,35.529617],[103.166994,35.529817],[103.173199,35.535325],[103.176072,35.547849],[103.18004,35.550822],[103.189446,35.552529],[103.216385,35.566778],[103.238766,35.574662],[103.25062,35.574293],[103.26015,35.596283],[103.278553,35.607995],[103.276669,35.615917],[103.283341,35.621353],[103.280841,35.628601],[103.28864,35.638546],[103.27738,35.641116],[103.26441,35.660787],[103.243797,35.652432],[103.23692,35.640584],[103.21603,35.622987]]],"622921":[[[102.966088,35.589641],[102.936921,35.582884],[102.931637,35.572317],[102.924038,35.568809],[102.888486,35.566842],[102.880824,35.563575],[102.830312,35.586352],[102.802489,35.594052],[102.778127,35.611347],[102.780355,35.599608],[102.808239,35.580569],[102.813224,35.573464],[102.814254,35.563993],[102.793317,35.566833],[102.780962,35.551922],[102.753868,35.552525],[102.748396,35.54584],[102.734596,35.540121],[102.734863,35.530427],[102.747434,35.526442],[102.757617,35.535417],[102.78313,35.54044],[102.789894,35.536619],[102.784428,35.526372],[102.774339,35.522313],[102.748814,35.501398],[102.75588,35.490358],[102.780752,35.478081],[102.827135,35.46872],[102.838325,35.456243],[102.841154,35.445787],[102.853124,35.440963],[102.852659,35.432089],[102.86318,35.428398],[102.869661,35.418791],[102.893908,35.412492],[102.919281,35.434609],[102.937288,35.428656],[102.944476,35.419173],[102.956433,35.411952],[102.965841,35.390828],[102.962905,35.375239],[102.967278,35.364666],[102.962668,35.354742],[102.959016,35.32861],[102.961837,35.318219],[102.954293,35.30881],[102.959127,35.299817],[102.955496,35.293079],[102.95585,35.281855],[102.961235,35.267525],[102.976674,35.257286],[102.988217,35.267267],[102.994205,35.283461],[103.001259,35.290716],[103.03829,35.28479],[103.04409,35.286294],[103.049735,35.278486],[103.055932,35.276196],[103.095323,35.279729],[103.10565,35.287917],[103.104822,35.296466],[103.11122,35.30055],[103.115238,35.3116],[103.10688,35.325068],[103.105756,35.333215],[103.110665,35.343788],[103.119738,35.349761],[103.128942,35.367519],[103.135537,35.373349],[103.131478,35.39693],[103.167312,35.431173],[103.170596,35.452107],[103.158205,35.463083],[103.169836,35.478427],[103.165601,35.487821],[103.178687,35.499201],[103.196589,35.496365],[103.204272,35.505063],[103.218363,35.509379],[103.227564,35.50775],[103.232516,35.514994],[103.239211,35.517214],[103.251947,35.515521],[103.262356,35.517767],[103.279042,35.49856],[103.299618,35.511837],[103.298608,35.523904],[103.29121,35.523451],[103.279442,35.535274],[103.288629,35.545634],[103.304423,35.554268],[103.304533,35.557909],[103.301001,35.567339],[103.295059,35.568817],[103.289636,35.576325],[103.283792,35.604194],[103.278553,35.607995],[103.26015,35.596283],[103.25062,35.574293],[103.238766,35.574662],[103.216385,35.566778],[103.189446,35.552529],[103.18004,35.550822],[103.176072,35.547849],[103.173199,35.535325],[103.164062,35.52869],[103.159533,35.529617],[103.155992,35.537731],[103.143458,35.526419],[103.131569,35.519708],[103.121514,35.518127],[103.105134,35.553835],[103.107322,35.561368],[103.133602,35.565819],[103.13852,35.574513],[103.149802,35.581118],[103.152044,35.587466],[103.155332,35.584196],[103.162449,35.584174],[103.199529,35.606748],[103.23692,35.640584],[103.243797,35.652432],[103.26441,35.660787],[103.274279,35.673453],[103.281631,35.691956],[103.272088,35.704777],[103.258288,35.708935],[103.25086,35.715805],[103.247326,35.724439],[103.233452,35.727229],[103.229361,35.73634],[103.218879,35.743084],[103.217012,35.750559],[103.202714,35.758595],[103.203888,35.765354],[103.198663,35.766725],[103.183029,35.781278],[103.175204,35.80853],[103.160358,35.801103],[103.143585,35.78532],[103.099932,35.76702],[103.102812,35.739621],[103.115035,35.736397],[103.116094,35.73376],[103.106887,35.720914],[103.112424,35.717754],[103.113111,35.712608],[103.1082,35.680707],[103.111585,35.668178],[103.103873,35.653956],[103.085489,35.644537],[103.085405,35.624147],[103.060448,35.61998],[103.051632,35.61266],[103.047078,35.614357],[103.030028,35.61043],[103.033197,35.602791],[103.02399,35.597027],[103.029772,35.589432],[103.022211,35.584981],[103.011321,35.588463],[103.005131,35.603865],[102.990473,35.593419],[102.981135,35.595346],[102.966088,35.589641]]],"622922":[[[103.585416,35.422842],[103.573698,35.421012],[103.551618,35.410706],[103.531167,35.390324],[103.521535,35.385115],[103.513858,35.374266],[103.477974,35.345924],[103.473282,35.329569],[103.457373,35.312473],[103.446794,35.294155],[103.43797,35.29095],[103.431159,35.278421],[103.431593,35.271862],[103.427643,35.271263],[103.423433,35.263327],[103.426579,35.252606],[103.42148,35.245396],[103.420123,35.234739],[103.426085,35.230574],[103.422791,35.221431],[103.433104,35.208531],[103.433708,35.200866],[103.448425,35.186711],[103.45353,35.173538],[103.468997,35.171945],[103.481771,35.16221],[103.502016,35.160467],[103.513534,35.153477],[103.542317,35.143516],[103.597269,35.112069],[103.615161,35.109324],[103.627368,35.101102],[103.632217,35.09155],[103.656645,35.07731],[103.663049,35.069181],[103.696769,35.0564],[103.71084,35.047717],[103.714373,35.044855],[103.715194,35.036538],[103.736029,35.01465],[103.732067,35.013046],[103.737613,35.007446],[103.736912,34.985431],[103.730881,34.97582],[103.735416,34.966483],[103.76386,34.947293],[103.771705,34.953252],[103.763535,34.973639],[103.762514,34.989565],[103.772443,34.99528],[103.77175,35.005221],[103.780832,35.005363],[103.788373,34.991763],[103.799368,34.989759],[103.807683,34.983896],[103.817004,34.967141],[103.832486,34.95942],[103.843127,34.980098],[103.837884,34.988722],[103.822201,34.999351],[103.814045,34.997318],[103.80494,35.005578],[103.802698,35.000907],[103.793123,35.005519],[103.793357,35.022163],[103.76025,35.039749],[103.755059,35.050527],[103.748497,35.051837],[103.750202,35.063298],[103.743583,35.07089],[103.746416,35.078052],[103.749135,35.077213],[103.753709,35.08321],[103.749987,35.090059],[103.7557,35.093915],[103.742677,35.107725],[103.755087,35.120816],[103.736021,35.135701],[103.727023,35.128256],[103.722797,35.133085],[103.720393,35.155498],[103.724678,35.160293],[103.726894,35.172435],[103.71897,35.185941],[103.728182,35.199822],[103.709127,35.195444],[103.695996,35.204374],[103.698271,35.224883],[103.724474,35.270062],[103.738503,35.281167],[103.738213,35.297737],[103.74405,35.311522],[103.742004,35.317515],[103.758249,35.320242],[103.762823,35.32687],[103.761815,35.33343],[103.771346,35.347858],[103.783629,35.358875],[103.78929,35.376992],[103.787045,35.393665],[103.819978,35.411995],[103.822245,35.421208],[103.808434,35.437822],[103.809159,35.442115],[103.80277,35.439148],[103.790193,35.441135],[103.779577,35.438388],[103.774629,35.442994],[103.775219,35.44737],[103.770396,35.447664],[103.760568,35.455169],[103.723351,35.456906],[103.715992,35.453733],[103.699252,35.455557],[103.671611,35.449983],[103.657415,35.450586],[103.585416,35.422842]]],