{"630202":[[[102.760388,36.589266],[102.725642,36.604299],[102.729735,36.619948],[102.689703,36.627376],[102.678316,36.636719],[102.637805,36.658532],[102.627475,36.67498],[102.617314,36.681384],[102.612806,36.712727],[102.6073,36.721852],[102.62211,36.746593],[102.585478,36.74944],[102.554541,36.765858],[102.485224,36.787838],[102.377672,36.845488],[102.361322,36.848351],[102.330294,36.847579],[102.298089,36.843348],[102.290327,36.835519],[102.288833,36.824429],[102.305713,36.758993],[102.306527,36.703906],[102.299901,36.681852],[102.253275,36.650678],[102.211499,36.634077],[102.200018,36.622475],[102.195699,36.609214],[102.197109,36.547438],[102.188558,36.503757],[102.165589,36.467705],[102.148413,36.43253],[102.133483,36.41599],[102.118566,36.376539],[102.097543,36.339369],[102.097839,36.334788],[102.125677,36.309299],[102.156863,36.287151],[102.163778,36.278779],[102.16595,36.267641],[102.175482,36.262468],[102.173347,36.250759],[102.187075,36.238449],[102.201958,36.239181],[102.220082,36.232244],[102.23279,36.242571],[102.241573,36.24021],[102.249695,36.247233],[102.257727,36.239734],[102.270344,36.238918],[102.281357,36.242103],[102.295031,36.234593],[102.310973,36.241455],[102.317354,36.250824],[102.328834,36.252102],[102.358803,36.230498],[102.368686,36.228503],[102.384225,36.235399],[102.404187,36.220513],[102.448602,36.204929],[102.498032,36.236057],[102.508893,36.255941],[102.526383,36.313138],[102.553353,36.35094],[102.571031,36.362672],[102.588463,36.369837],[102.654692,36.385608],[102.696915,36.398919],[102.746519,36.430457],[102.781979,36.460398],[102.773373,36.473976],[102.782563,36.482621],[102.797919,36.488744],[102.800696,36.507156],[102.793444,36.512989],[102.786546,36.508035],[102.781109,36.524974],[102.76239,36.531712],[102.751662,36.546571],[102.754703,36.555329],[102.747274,36.559386],[102.745109,36.574802],[102.77242,36.574578],[102.760388,36.589266]]],"630221":[[[101.881407,36.292933],[101.888365,36.288874],[101.917954,36.292358],[101.930007,36.291164],[101.958271,36.302864],[101.968855,36.304114],[101.987975,36.301911],[101.994362,36.29782],[101.998758,36.273286],[102.005486,36.269368],[102.017601,36.273863],[102.027848,36.267764],[102.05076,36.266572],[102.063883,36.260488],[102.074543,36.26487],[102.086019,36.260076],[102.104901,36.261056],[102.123174,36.267223],[102.159292,36.26502],[102.164869,36.269109],[102.163778,36.278779],[102.156863,36.287151],[102.105559,36.325697],[102.097543,36.339369],[102.114438,36.367281],[102.133483,36.41599],[102.148413,36.43253],[102.165589,36.467705],[102.188558,36.503757],[102.129085,36.525293],[102.116149,36.525159],[102.104625,36.520621],[102.086935,36.521664],[102.082399,36.518901],[102.045995,36.520204],[102.040941,36.513734],[102.031929,36.513609],[102.013226,36.52816],[102.002299,36.530616],[101.993303,36.538735],[101.965183,36.546088],[101.960058,36.551335],[101.959018,36.563025],[101.950618,36.558719],[101.920737,36.568007],[101.914693,36.550102],[101.898902,36.54002],[101.889852,36.539633],[101.899866,36.530594],[101.897739,36.521147],[101.904377,36.504406],[101.87551,36.477499],[101.878529,36.462657],[101.868538,36.458211],[101.860585,36.449581],[101.858211,36.410052],[101.867879,36.381579],[101.835265,36.332918],[101.834135,36.317029],[101.824142,36.306427],[101.834479,36.294784],[101.845724,36.3014],[101.881407,36.292933]]],"630222":[[[102.941894,35.839415],[102.950184,35.835681],[102.957493,35.842264],[102.954187,35.856728],[102.962575,35.868037],[102.954407,35.890536],[102.957042,35.91197],[102.953814,35.917823],[102.954796,35.92673],[102.948822,35.933004],[102.950772,35.952122],[102.957232,35.959868],[102.957339,35.972455],[102.978178,36.001581],[102.973495,36.003774],[102.970403,36.01409],[102.962134,36.02003],[102.959378,36.03143],[102.962597,36.035779],[102.983233,36.042168],[102.959641,36.050092],[102.952474,36.056124],[102.938699,36.055266],[102.923106,36.071472],[102.904163,36.070132],[102.901443,36.081203],[102.890881,36.084756],[102.889894,36.091814],[102.89597,36.099092],[102.908124,36.093681],[102.913484,36.094226],[102.92518,36.104255],[102.949548,36.115542],[102.952684,36.137373],[102.960456,36.144951],[102.955437,36.156339],[102.958317,36.15927],[102.968878,36.158194],[102.976609,36.161212],[102.981472,36.177379],[102.991121,36.187985],[102.994019,36.199359],[103.008803,36.200306],[103.023843,36.211229],[103.057882,36.206401],[103.077107,36.211271],[103.0799,36.214336],[103.072017,36.225596],[103.061433,36.226711],[103.056505,36.232291],[103.037706,36.240458],[103.030567,36.238389],[103.024917,36.261798],[103.016514,36.268475],[103.001514,36.270537],[102.985712,36.281434],[102.978809,36.290309],[102.936482,36.300941],[102.924786,36.311209],[102.921183,36.322628],[102.899925,36.337691],[102.882857,36.341833],[102.878341,36.337882],[102.867136,36.337907],[102.860183,36.342099],[102.851794,36.339749],[102.842653,36.357038],[102.833503,36.363157],[102.832824,36.371925],[102.836374,36.375047],[102.828073,36.392658],[102.83293,36.403621],[102.83,36.407059],[102.817115,36.410037],[102.814983,36.426337],[102.802168,36.433678],[102.80534,36.437661],[102.804504,36.443244],[102.799853,36.443975],[102.801067,36.453229],[102.781979,36.460398],[102.746519,36.430457],[102.696915,36.398919],[102.654692,36.385608],[102.588463,36.369837],[102.571031,36.362672],[102.553353,36.35094],[102.526383,36.313138],[102.508893,36.255941],[102.498032,36.236057],[102.461319,36.21356],[102.453644,36.20566],[102.462121,36.187386],[102.460485,36.180159],[102.477146,36.18135],[102.503063,36.171382],[102.526045,36.176991],[102.534081,36.174952],[102.544242,36.163317],[102.559492,36.165741],[102.57453,36.15006],[102.606091,36.137801],[102.607784,36.127487],[102.623753,36.115958],[102.637208,36.123374],[102.646555,36.119189],[102.645374,36.082812],[102.653311,36.0702],[102.650771,36.060285],[102.673931,36.048578],[102.700841,36.022182],[102.715293,36.004133],[102.725627,35.979044],[102.731023,35.939046],[102.718867,35.916437],[102.713349,35.883143],[102.720272,35.845197],[102.718867,35.827298],[102.72693,35.83245],[102.739306,35.83179],[102.754768,35.841462],[102.768088,35.844676],[102.780934,35.860959],[102.791206,35.865556],[102.821877,35.857142],[102.827783,35.857479],[102.834588,35.862515],[102.851391,35.862155],[102.8562,35.860083],[102.859935,35.852274],[102.880769,35.851796],[102.893895,35.854604],[102.902652,35.850845],[102.922528,35.849311],[102.929827,35.838888],[102.941894,35.839415]]],