{"640104":[[[106.66842,38.58952],[106.672693,38.623148],[106.654224,38.639434],[106.663072,38.65258],[106.660671,38.657031],[106.64943,38.658656],[106.63817,38.651295],[106.628508,38.659528],[106.621237,38.656242],[106.605587,38.666678],[106.598863,38.656468],[106.569606,38.653949],[106.567238,38.639633],[106.555513,38.621813],[106.548976,38.60213],[106.535462,38.595432],[106.525684,38.579418],[106.529225,38.553937],[106.534534,38.538228],[106.545241,38.526807],[106.544299,38.52265],[106.532188,38.523124],[106.515867,38.528077],[106.492851,38.527071],[106.481122,38.530325],[106.464463,38.525843],[106.452374,38.530127],[106.447664,38.521075],[106.454704,38.511315],[106.451404,38.50002],[106.457989,38.497766],[106.453284,38.4846],[106.45658,38.475576],[106.449526,38.476692],[106.444832,38.473652],[106.442964,38.461974],[106.427513,38.463586],[106.399454,38.458769],[106.387533,38.461041],[106.390198,38.481095],[106.373063,38.481446],[106.38133,38.49148],[106.370938,38.50557],[106.376621,38.512156],[106.375924,38.520997],[106.3636,38.521388],[106.354376,38.525775],[106.324814,38.527805],[106.317664,38.519211],[106.308433,38.516489],[106.298253,38.51842],[106.279401,38.516202],[106.270978,38.512078],[106.259666,38.487724],[106.259822,38.476002],[106.268959,38.446915],[106.282591,38.427164],[106.276968,38.412027],[106.284819,38.410573],[106.294416,38.402255],[106.304286,38.409342],[106.323089,38.412744],[106.327956,38.418309],[106.348057,38.409938],[106.357897,38.396344],[106.389149,38.380262],[106.381594,38.368352],[106.359681,38.351867],[106.382509,38.332452],[106.420581,38.357662],[106.433892,38.349018],[106.435276,38.32703],[106.468503,38.32226],[106.469431,38.36196],[106.473171,38.362902],[106.487486,38.344728],[106.613938,38.428875],[106.652472,38.49113],[106.66842,38.58952]]],"640105":[[[106.151301,38.444077],[106.183121,38.489588],[106.199861,38.568549],[106.208263,38.592817],[106.23495,38.651032],[106.259384,38.689735],[106.225966,38.691082],[106.219064,38.684387],[106.209559,38.68419],[106.17743,38.689594],[106.15778,38.688772],[106.144417,38.676071],[106.133257,38.655459],[106.121682,38.654795],[106.100374,38.664032],[106.010965,38.669323],[105.983351,38.677724],[105.946104,38.709232],[105.919885,38.723242],[105.915982,38.72122],[105.918079,38.702852],[105.914746,38.690743],[105.904305,38.679407],[105.905557,38.674063],[105.901786,38.668012],[105.889204,38.664001],[105.877834,38.642314],[105.875722,38.630614],[105.881173,38.616502],[105.897553,38.597019],[105.896717,38.59066],[105.880767,38.585716],[105.884966,38.53648],[105.870234,38.515169],[105.871481,38.503107],[105.861141,38.479134],[105.889094,38.460637],[105.894477,38.44365],[105.935672,38.427821],[105.939476,38.422722],[106.024138,38.397289],[106.025175,38.380729],[106.030002,38.371418],[106.058842,38.346852],[106.056735,38.324774],[106.061508,38.31436],[106.151301,38.444077]]],"640106":[[[106.30001,38.520471],[106.310718,38.53225],[106.313072,38.54021],[106.306524,38.552737],[106.309835,38.557976],[106.299481,38.582002],[106.294479,38.583428],[106.287298,38.602366],[106.272763,38.609588],[106.266181,38.609514],[106.256765,38.603447],[106.252044,38.605708],[106.234765,38.650579],[106.199861,38.568549],[106.183121,38.489588],[106.061508,38.31436],[106.083474,38.294522],[106.093515,38.280212],[106.097289,38.279214],[106.107386,38.283875],[106.119596,38.293161],[106.14018,38.327889],[106.147289,38.327592],[106.161036,38.317413],[106.16519,38.317496],[106.20089,38.357386],[106.200892,38.385163],[106.2105,38.393944],[106.231494,38.404713],[106.243975,38.419003],[106.256526,38.412989],[106.276968,38.412027],[106.282591,38.427164],[106.268959,38.446915],[106.259822,38.476002],[106.259822,38.488898],[106.271634,38.512745],[106.30001,38.520471]]],"640121":[[[106.024138,38.396976],[105.939476,38.422722],[105.935672,38.427821],[105.894477,38.44365],[105.889094,38.460637],[105.861141,38.479134],[105.85975,38.461015],[105.870244,38.436193],[105.861428,38.42922],[105.855981,38.432244],[105.848871,38.428211],[105.856355,38.383703],[105.854678,38.375002],[105.845068,38.361575],[105.845299,38.353896],[105.850088,38.342535],[105.882913,38.300698],[105.871487,38.268504],[105.903356,38.266426],[105.911637,38.256381],[105.929911,38.246281],[105.983633,38.229028],[105.986275,38.224485],[105.973093,38.192699],[105.962142,38.184556],[105.944231,38.150289],[105.947723,38.14724],[105.977881,38.141731],[105.988914,38.164434],[105.988918,38.181534],[106.006995,38.206606],[106.015361,38.199625],[106.019312,38.189516],[106.032452,38.181984],[106.055344,38.175598],[106.077697,38.195656],[106.078165,38.200548],[106.085632,38.207298],[106.095253,38.213994],[106.102707,38.215386],[106.108414,38.211869],[106.102711,38.209101],[106.103592,38.200721],[106.088256,38.199291],[106.098321,38.191303],[106.095254,38.187459],[106.097883,38.186414],[106.118073,38.190152],[106.119818,38.180711],[106.137766,38.168057],[106.139033,38.153015],[106.147547,38.152282],[106.159096,38.158475],[106.184644,38.152765],[106.19245,38.153625],[106.193744,38.146316],[106.212451,38.134984],[106.224256,38.13147],[106.227406,38.12484],[106.242326,38.143568],[106.25329,38.181002],[106.276743,38.201936],[106.271715,38.227445],[106.304227,38.254307],[106.315085,38.271966],[106.320131,38.294818],[106.32936,38.3023],[106.348727,38.309016],[106.368133,38.320298],[106.382509,38.332452],[106.359681,38.351867],[106.386036,38.373078],[106.389149,38.380262],[106.386736,38.383577],[106.357897,38.396344],[106.349142,38.409328],[106.33064,38.417962],[106.325189,38.41746],[106.323089,38.412744],[106.304286,38.409342],[106.294416,38.402255],[106.283176,38.411225],[106.256526,38.412989],[106.244566,38.419304],[106.231494,38.404713],[106.2105,38.393944],[106.200892,38.385163],[106.20089,38.357386],[106.16519,38.317496],[106.161036,38.317413],[106.147289,38.327592],[106.14018,38.327889],[106.119596,38.293161],[106.097289,38.279214],[106.058724,38.317723],[106.058842,38.346852],[106.030002,38.371418],[106.025175,38.380729],[106.024138,38.396976]]],