{"640202":[[[106.49747,39.25572],[106.508543,39.278727],[106.509392,39.290693],[106.492507,39.288525],[106.454649,39.294929],[106.387696,39.295401],[106.325018,39.292723],[106.304513,39.288701],[106.29967,39.279523],[106.297407,39.254187],[106.300192,39.236663],[106.305242,39.234087],[106.306922,39.226907],[106.305792,39.216501],[106.294566,39.20808],[106.29401,39.193626],[106.295697,39.189614],[106.305802,39.186728],[106.307726,39.170019],[106.314466,39.164163],[106.305852,39.156452],[106.300611,39.143993],[106.286401,39.137604],[106.281169,39.14229],[106.277802,39.141321],[106.272546,39.130411],[106.262416,39.137221],[106.243581,39.139956],[106.235654,39.136712],[106.212694,39.14283],[106.208194,39.148221],[106.191375,39.151006],[106.185789,39.1575],[106.169411,39.156516],[106.162695,39.146149],[106.139475,39.12545],[106.13007,39.123056],[106.137956,39.11222],[106.133054,39.095694],[106.117221,39.087377],[106.117597,39.080165],[106.111562,39.069091],[106.152967,39.043071],[106.157959,39.031856],[106.172352,39.026023],[106.179041,39.017167],[106.191702,39.012635],[106.204391,39.000194],[106.234455,38.983312],[106.271368,38.945444],[106.275873,38.9311],[106.285608,38.919286],[106.286787,38.910071],[106.36507,38.872369],[106.371708,38.860482],[106.428439,38.911803],[106.45214,38.945572],[106.464907,38.958412],[106.470457,38.959168],[106.493112,38.987341],[106.441645,39.081406],[106.441017,39.088487],[106.443628,39.09716],[106.462383,39.121037],[106.471325,39.147442],[106.473804,39.165037],[106.464311,39.173969],[106.46118,39.18407],[106.464407,39.195369],[106.49747,39.25572]]],"640205":[[[106.76509,39.089146],[106.774526,39.082754],[106.786091,39.084242],[106.793183,39.078684],[106.784607,39.062881],[106.786111,39.047894],[106.772303,39.032827],[106.801422,39.022332],[106.802915,39.016937],[106.841266,38.999699],[106.845033,38.998465],[106.855205,39.003521],[106.855974,39.068123],[106.847718,39.118769],[106.848564,39.126128],[106.856154,39.135025],[106.855665,39.148587],[106.841473,39.171064],[106.821511,39.215436],[106.798232,39.244961],[106.800082,39.258723],[106.813352,39.286825],[106.809218,39.306139],[106.814269,39.324317],[106.801895,39.341541],[106.804122,39.356464],[106.790428,39.376798],[106.767692,39.378804],[106.760702,39.381844],[106.754784,39.397464],[106.75516,39.394919],[106.742503,39.390411],[106.73409,39.382731],[106.721236,39.379167],[106.699259,39.361827],[106.658685,39.365374],[106.61984,39.386578],[106.610779,39.386125],[106.574285,39.353171],[106.522819,39.2965],[106.509392,39.290693],[106.504541,39.269272],[106.464407,39.195369],[106.46118,39.18407],[106.464311,39.173969],[106.473804,39.165037],[106.471325,39.147442],[106.462383,39.121037],[106.443628,39.09716],[106.441645,39.081406],[106.493047,38.987922],[106.495989,38.995868],[106.535946,38.989433],[106.551944,39.009957],[106.548964,39.012],[106.552327,39.018677],[106.573281,39.019493],[106.577147,39.02213],[106.580513,39.040705],[106.592499,39.055776],[106.603447,39.05659],[106.627569,39.031975],[106.637705,39.034532],[106.645014,39.065348],[106.656572,39.076285],[106.679635,39.069503],[106.683016,39.075564],[106.700743,39.065164],[106.713418,39.077486],[106.729112,39.085462],[106.734777,39.087558],[106.741567,39.084876],[106.746457,39.088516],[106.76509,39.089146]]],"640221":[[[106.881566,39.103586],[106.860749,39.121383],[106.856154,39.135025],[106.848564,39.126128],[106.847718,39.118769],[106.855974,39.068123],[106.853732,39.049202],[106.85634,39.010734],[106.855205,39.003521],[106.845033,38.998465],[106.802915,39.016937],[106.801422,39.022332],[106.772303,39.032827],[106.786111,39.047894],[106.784607,39.062881],[106.793183,39.078684],[106.786091,39.084242],[106.774526,39.082754],[106.764816,39.089427],[106.746457,39.088516],[106.741567,39.084876],[106.734777,39.087558],[106.720415,39.082199],[106.700743,39.065164],[106.683016,39.075564],[106.679635,39.069503],[106.656572,39.076285],[106.645014,39.065348],[106.637705,39.034532],[106.627569,39.031975],[106.603447,39.05659],[106.592499,39.055776],[106.580513,39.040705],[106.577147,39.02213],[106.573281,39.019493],[106.552327,39.018677],[106.548964,39.012],[106.551944,39.009957],[106.535946,38.989433],[106.495989,38.995868],[106.492334,38.986101],[106.470457,38.959168],[106.464907,38.958412],[106.45214,38.945572],[106.428439,38.911803],[106.371708,38.860482],[106.36507,38.872369],[106.286787,38.910071],[106.285608,38.919286],[106.275873,38.9311],[106.271368,38.945444],[106.234455,38.983312],[106.204391,39.000194],[106.191702,39.012635],[106.179041,39.017167],[106.172352,39.026023],[106.157959,39.031856],[106.152967,39.043071],[106.111562,39.069091],[106.106299,39.057179],[106.10629,39.035481],[106.100251,39.028289],[106.11232,39.017413],[106.110042,39.007209],[106.097199,38.994025],[106.09568,38.9808],[106.084393,38.968102],[106.073135,38.96791],[106.064155,38.964087],[106.032691,38.942868],[106.032694,38.934459],[105.992606,38.894075],[105.994871,38.886851],[106.0032,38.879602],[106.010955,38.87756],[106.057336,38.872257],[106.073402,38.866214],[106.109751,38.837418],[106.128386,38.834059],[106.127583,38.823103],[106.139709,38.810181],[106.215896,38.799726],[106.242589,38.813749],[106.251494,38.81241],[106.264424,38.800828],[106.274896,38.800311],[106.29657,38.787275],[106.317469,38.796168],[106.327955,38.796318],[106.331189,38.793118],[106.326334,38.784689],[106.328753,38.778263],[106.344962,38.778949],[106.359593,38.785974],[106.396814,38.78485],[106.400829,38.780413],[106.389547,38.766671],[106.393565,38.758986],[106.404816,38.755986],[106.408011,38.743804],[106.418423,38.731172],[106.432045,38.721817],[106.453751,38.721407],[106.453756,38.714959],[106.444105,38.699435],[106.46103,38.696898],[106.472338,38.701324],[106.479604,38.711569],[106.493332,38.711461],[106.544608,38.696047],[106.600197,38.685317],[106.599868,38.669716],[106.621237,38.656242],[106.628508,38.659528],[106.63817,38.651295],[106.64943,38.658656],[106.660671,38.657031],[106.663072,38.65258],[106.654224,38.639434],[106.672693,38.623148],[106.686861,38.674377],[106.712647,38.741299],[106.794632,38.799832],[106.849876,38.861776],[106.950142,38.942388],[106.970384,38.953],[106.994692,39.017046],[106.992131,39.06315],[106.979913,39.07179],[106.968246,39.072611],[106.957932,39.084797],[106.951464,39.087925],[106.881566,39.103586]]]}