{"650202":[[[85.109363,44.315199],[85.111662,44.33531],[85.119539,44.349815],[84.983719,44.390221],[84.787715,44.396657],[84.784148,44.387449],[84.785188,44.351574],[84.788817,44.331646],[84.793714,44.325679],[84.788793,44.313865],[84.798909,44.301371],[84.805322,44.266413],[84.798072,44.22939],[84.774803,44.184008],[84.728318,44.129899],[84.727305,44.116926],[84.740031,44.114655],[84.778178,44.132801],[84.804413,44.138286],[84.8323,44.149118],[84.848263,44.15006],[84.903807,44.133928],[84.914992,44.134524],[84.924154,44.138756],[84.936895,44.154427],[84.941776,44.171735],[84.946294,44.256636],[84.963415,44.273191],[84.973685,44.299789],[85.009262,44.318115],[85.039773,44.322816],[85.077477,44.320761],[85.109363,44.315199]]],"650203":[[[85.24704,45.023304],[85.258987,45.030617],[85.261137,45.040256],[85.261133,45.049549],[85.254026,45.059763],[85.2531,45.075581],[85.246092,45.089793],[85.243086,45.110821],[85.25595,45.137712],[85.258146,45.160386],[85.230867,45.195734],[85.20926,45.21135],[85.205543,45.235036],[85.227518,45.279089],[85.244003,45.295164],[85.243301,45.306667],[85.251771,45.314281],[85.249399,45.331208],[85.252429,45.332345],[85.263465,45.328735],[85.261076,45.341437],[85.252537,45.342711],[85.249798,45.349323],[85.250469,45.353826],[85.258805,45.355074],[85.242686,45.364288],[85.252491,45.368897],[85.251929,45.370913],[85.239739,45.381432],[85.24295,45.387272],[85.251994,45.387151],[85.261719,45.395639],[85.267613,45.408826],[85.272882,45.40757],[85.272335,45.413461],[85.279647,45.42132],[85.288786,45.423804],[85.29259,45.428449],[85.24343,45.465389],[85.148779,45.549739],[85.132015,45.557999],[85.106379,45.560371],[85.033265,45.612401],[85.030103,45.610744],[85.021188,45.625256],[85.010744,45.63075],[84.996045,45.630025],[84.983011,45.647839],[84.936412,45.681711],[84.922547,45.65629],[84.915917,45.650096],[84.883511,45.638634],[84.850978,45.637255],[84.839093,45.639477],[84.828337,45.654964],[84.794378,45.672177],[84.786022,45.661577],[84.776743,45.655881],[84.77719,45.65058],[84.80011,45.638228],[84.809309,45.629045],[84.810173,45.616687],[84.797892,45.605091],[84.785214,45.576786],[84.752888,45.533331],[84.740457,45.472562],[84.727272,45.464927],[84.713967,45.449746],[84.698628,45.43819],[84.641976,45.347476],[84.617213,45.328694],[84.566853,45.302445],[84.558501,45.294005],[84.564858,45.279697],[84.583584,45.254383],[84.609355,45.232164],[84.642621,45.189407],[84.658335,45.155334],[84.650406,45.123739],[84.656636,45.101246],[84.654767,45.089193],[84.663846,45.078392],[84.663538,45.054851],[84.656123,45.037706],[84.655909,45.009047],[84.658772,45.004744],[84.654082,44.966572],[84.648444,44.940476],[84.640638,44.932634],[84.636323,44.912287],[84.645253,44.894124],[84.644491,44.87334],[84.656276,44.871374],[84.649173,44.775373],[84.661358,44.766417],[84.708576,44.746171],[84.714267,44.736239],[84.713116,44.72586],[84.744257,44.712833],[84.76957,44.683469],[84.801807,44.684282],[84.858735,44.69544],[84.800431,44.807552],[84.804484,44.813948],[84.836723,44.826412],[84.848474,44.828922],[84.868169,44.825527],[84.90121,44.806206],[84.935781,44.805739],[84.94325,44.809064],[84.956083,44.807427],[84.980486,44.783153],[85.012981,44.763555],[85.020907,44.761741],[85.028814,44.767117],[85.043842,44.771188],[85.052044,44.778458],[85.052767,44.797415],[85.030616,44.814667],[85.025574,44.838584],[85.03668,44.865812],[85.037602,44.903099],[85.055608,44.933549],[85.062725,44.940088],[85.078231,44.946697],[85.164695,44.978437],[85.168598,44.982944],[85.168974,45.010128],[85.178904,45.027761],[85.203749,45.035803],[85.216246,45.035394],[85.24704,45.023304]]],"650204":[[[85.242833,45.83931],[85.230994,45.845732],[85.221826,45.83442],[85.211769,45.81167],[85.192528,45.794269],[85.17769,45.787811],[85.172991,45.777735],[85.155113,45.760787],[85.126116,45.742713],[85.106032,45.736518],[85.072956,45.720445],[85.058978,45.719327],[85.038845,45.72272],[85.020709,45.719646],[85.012307,45.720857],[84.995368,45.717011],[84.965576,45.704523],[84.936412,45.681711],[84.983011,45.647839],[84.996045,45.630025],[85.010744,45.63075],[85.021188,45.625256],[85.030103,45.610744],[85.033265,45.612401],[85.106379,45.560371],[85.132015,45.557999],[85.148779,45.549739],[85.24343,45.465389],[85.29259,45.428449],[85.305925,45.428413],[85.310042,45.426],[85.324146,45.431872],[85.365739,45.434944],[85.403884,45.448262],[85.474752,45.493008],[85.520723,45.536416],[85.554862,45.573953],[85.590874,45.623556],[85.618423,45.673123],[85.627017,45.703648],[85.564045,45.734509],[85.546189,45.738661],[85.365596,45.743444],[85.352895,45.747787],[85.319294,45.791925],[85.294579,45.810242],[85.242833,45.83931]]],"650205":[[[85.25662,45.905385],[85.230994,45.845732],[85.294579,45.810242],[85.319294,45.791925],[85.352895,45.747787],[85.365596,45.743444],[85.546189,45.738661],[85.564045,45.734509],[85.627017,45.703648],[85.634218,45.775802],[85.645992,45.794297],[85.6813,45.81788],[85.740508,45.84858],[85.832704,45.912291],[85.88158,45.939068],[85.884984,45.941357],[85.887184,45.956615],[85.920313,45.970223],[85.939117,45.967325],[85.948459,45.968787],[85.946909,45.985142],[85.975402,46.046865],[86.001534,46.060439],[86.041418,46.070257],[86.042305,46.0749],[86.026,46.100339],[86.016981,46.123153],[85.924935,46.188958],[85.85088,46.189466],[85.83183,46.192611],[85.819432,46.198733],[85.709825,46.200623],[85.693807,46.202293],[85.672154,46.210815],[85.640507,46.218994],[85.621301,46.217596],[85.561034,46.201428],[85.513337,46.175897],[85.447523,46.151183],[85.434992,46.143213],[85.411972,46.139641],[85.404292,46.141091],[85.394891,46.148348],[85.349446,46.130925],[85.319472,46.104314],[85.30119,46.100571],[85.297507,46.097726],[85.298095,46.085963],[85.290507,46.088312],[85.294608,46.082711],[85.281157,46.074387],[85.286917,46.072649],[85.287123,46.069915],[85.281813,46.06988],[85.288011,46.06573],[85.280388,46.064875],[85.27875,46.06213],[85.284978,46.061361],[85.285425,46.059267],[85.276868,46.057774],[85.276151,46.054715],[85.285769,46.043322],[85.282959,46.037669],[85.289415,46.037557],[85.290771,46.033703],[85.295384,46.034392],[85.292355,46.029372],[85.299263,46.028796],[85.302453,46.023993],[85.309198,46.031129],[85.316607,46.0331],[85.32486,46.021189],[85.318275,46.00769],[85.306329,46.003235],[85.30048,45.996781],[85.283724,45.988016],[85.283704,45.984121],[85.296056,45.977413],[85.298594,45.972784],[85.290937,45.957487],[85.28222,45.94937],[85.285036,45.946333],[85.282303,45.940953],[85.272151,45.93355],[85.25662,45.905385]]]}